Date,Open,High,Low,Close,Volume
4-May-16,2.70,2.77,2.56,2.69,1467855
3-May-16,2.84,2.84,2.70,2.72,1249503
2-May-16,2.98,2.98,2.81,2.88,898802
29-Apr-16,2.95,3.01,2.86,2.96,1139777
28-Apr-16,2.93,3.01,2.88,2.89,1228179
27-Apr-16,3.00,3.08,2.95,2.96,2438639
26-Apr-16,2.94,3.00,2.89,2.96,1506018
25-Apr-16,2.98,3.04,2.88,2.92,1440379
22-Apr-16,2.87,2.98,2.87,2.98,3335376
21-Apr-16,2.90,2.99,2.86,2.88,3076191
20-Apr-16,2.79,2.92,2.75,2.87,2602637
19-Apr-16,2.66,2.83,2.62,2.82,4902412
18-Apr-16,2.43,2.63,2.40,2.62,943646
15-Apr-16,2.55,2.59,2.51,2.53,485827
14-Apr-16,2.67,2.70,2.56,2.58,650870
13-Apr-16,2.62,2.76,2.56,2.70,1097255
12-Apr-16,2.52,2.67,2.48,2.62,2155526
11-Apr-16,2.51,2.56,2.47,2.48,1633631
8-Apr-16,2.41,2.56,2.41,2.49,1942319
7-Apr-16,2.46,2.47,2.37,2.37,1309129
6-Apr-16,2.33,2.43,2.28,2.40,2324548
5-Apr-16,2.29,2.34,2.26,2.31,1158073
4-Apr-16,2.34,2.37,2.28,2.31,1270571
1-Apr-16,2.46,2.46,2.31,2.34,4620051
31-Mar-16,2.63,2.64,2.39,2.47,3812664
30-Mar-16,2.56,2.70,2.56,2.65,1250001
29-Mar-16,2.48,2.60,2.46,2.58,604441
28-Mar-16,2.53,2.58,2.49,2.54,363004
24-Mar-16,2.48,2.57,2.46,2.53,509962
23-Mar-16,2.62,2.62,2.51,2.52,693759
22-Mar-16,2.62,2.68,2.61,2.63,435506
21-Mar-16,2.63,2.69,2.61,2.65,467798
18-Mar-16,2.82,2.84,2.56,2.56,2336281
17-Mar-16,2.72,2.82,2.71,2.79,914349
16-Mar-16,2.66,2.73,2.62,2.70,574350
15-Mar-16,2.63,2.65,2.54,2.65,540582
14-Mar-16,2.75,2.75,2.65,2.69,630246
11-Mar-16,2.77,2.82,2.77,2.79,868091
10-Mar-16,2.69,2.77,2.64,2.74,1214352
9-Mar-16,2.82,2.87,2.69,2.71,1344357
8-Mar-16,2.79,2.87,2.73,2.80,2320535
7-Mar-16,2.81,2.93,2.80,2.84,1648061
4-Mar-16,2.80,2.84,2.69,2.80,2596646
3-Mar-16,2.61,2.81,2.61,2.77,1321169
2-Mar-16,2.44,2.67,2.44,2.66,1362630
1-Mar-16,2.43,2.54,2.33,2.47,1604496
29-Feb-16,2.17,2.38,2.17,2.38,1509502
26-Feb-16,2.24,2.36,2.19,2.22,2159081
25-Feb-16,2.21,2.29,2.18,2.22,1845546
24-Feb-16,2.10,2.27,2.07,2.23,777102
23-Feb-16,2.26,2.27,2.16,2.18,509745
22-Feb-16,2.22,2.34,2.19,2.27,1282774
19-Feb-16,2.12,2.15,2.07,2.12,765468
18-Feb-16,2.28,2.34,2.14,2.18,892459
17-Feb-16,2.16,2.25,2.12,2.25,3337203
16-Feb-16,2.18,2.20,2.10,2.13,1237964
12-Feb-16,2.10,2.18,2.05,2.14,1361689
11-Feb-16,2.04,2.08,1.98,2.04,1269348
10-Feb-16,2.00,2.09,1.96,2.05,745821
9-Feb-16,2.01,2.06,1.93,2.03,674812
8-Feb-16,2.08,2.14,2.04,2.06,416828
5-Feb-16,2.15,2.19,2.08,2.11,555395
4-Feb-16,2.23,2.26,2.16,2.20,860751
3-Feb-16,2.17,2.22,2.07,2.20,902604
2-Feb-16,2.11,2.15,1.97,2.09,1100315
1-Feb-16,2.23,2.25,2.15,2.18,1080270
29-Jan-16,2.28,2.34,2.22,2.29,1170639
28-Jan-16,2.30,2.32,2.16,2.25,1554270
27-Jan-16,2.23,2.29,2.16,2.18,1183202
26-Jan-16,2.27,2.30,2.20,2.24,1639492
25-Jan-16,2.33,2.37,2.17,2.21,1471040
22-Jan-16,2.20,2.39,2.20,2.39,2434601
21-Jan-16,1.93,2.15,1.93,2.10,1926151
20-Jan-16,1.90,2.03,1.82,2.01,988360
19-Jan-16,2.05,2.10,1.92,1.94,1127118
15-Jan-16,1.89,2.00,1.88,1.99,917831
14-Jan-16,1.91,2.01,1.85,1.99,1052880
13-Jan-16,1.90,1.97,1.84,1.89,1045303
12-Jan-16,1.95,1.95,1.79,1.87,826189
11-Jan-16,2.01,2.02,1.82,1.89,822170
8-Jan-16,2.05,2.05,1.94,2.02,581131
7-Jan-16,2.06,2.08,2.00,2.00,867482
6-Jan-16,2.14,2.15,2.08,2.10,630076
5-Jan-16,2.19,2.24,2.17,2.21,544347
4-Jan-16,2.18,2.25,2.12,2.18,577451
31-Dec-15,2.08,2.21,2.08,2.17,1332039
30-Dec-15,2.09,2.18,2.08,2.12,712456
29-Dec-15,2.15,2.19,2.10,2.13,700904
28-Dec-15,2.13,2.22,2.08,2.09,673407
24-Dec-15,2.29,2.29,2.21,2.22,554806
23-Dec-15,2.17,2.29,2.15,2.28,1145654
22-Dec-15,2.21,2.22,2.12,2.12,1003894
21-Dec-15,2.29,2.36,2.19,2.20,1272568
18-Dec-15,2.20,2.34,2.20,2.33,1465542
17-Dec-15,2.13,2.24,2.08,2.16,1039877
16-Dec-15,2.11,2.17,2.01,2.11,910598
15-Dec-15,2.05,2.18,2.00,2.16,1205453
14-Dec-15,1.99,2.02,1.88,2.02,1923330
11-Dec-15,2.09,2.09,1.99,2.02,1074162
10-Dec-15,2.13,2.18,2.10,2.10,856193
9-Dec-15,2.12,2.25,2.09,2.14,1062457
8-Dec-15,1.97,2.15,1.92,2.11,1320813
7-Dec-15,2.20,2.22,1.98,2.01,2439563
4-Dec-15,2.35,2.36,2.23,2.25,1597796
3-Dec-15,2.47,2.48,2.38,2.41,1803400
2-Dec-15,2.40,2.47,2.38,2.42,1932116
1-Dec-15,2.46,2.50,2.42,2.43,1140763
30-Nov-15,2.44,2.50,2.42,2.50,3147304
27-Nov-15,2.47,2.49,2.40,2.43,250813
25-Nov-15,2.43,2.54,2.41,2.50,918417
24-Nov-15,2.34,2.52,2.32,2.49,1591459
23-Nov-15,2.30,2.38,2.28,2.29,1000259
20-Nov-15,2.29,2.32,2.24,2.29,704605
19-Nov-15,2.29,2.37,2.27,2.28,796954
18-Nov-15,2.38,2.40,2.24,2.33,1009562
17-Nov-15,2.38,2.41,2.29,2.32,760397
16-Nov-15,2.25,2.38,2.23,2.37,953355
13-Nov-15,2.36,2.36,2.21,2.25,1345359
12-Nov-15,2.45,2.53,2.39,2.39,1303656
11-Nov-15,2.59,2.60,2.48,2.53,1272611
10-Nov-15,2.51,2.64,2.47,2.61,907239
9-Nov-15,2.50,2.55,2.43,2.54,644164
6-Nov-15,2.47,2.51,2.44,2.50,529539
5-Nov-15,2.58,2.59,2.44,2.51,1293650
4-Nov-15,2.46,2.57,2.46,2.56,905591
3-Nov-15,2.45,2.58,2.44,2.47,684535
2-Nov-15,2.39,2.47,2.37,2.42,367230
30-Oct-15,2.46,2.50,2.39,2.40,690256
29-Oct-15,2.44,2.56,2.42,2.44,487066
28-Oct-15,2.25,2.46,2.25,2.43,780656
27-Oct-15,2.28,2.28,2.19,2.23,479160
26-Oct-15,2.41,2.42,2.30,2.30,594305
23-Oct-15,2.41,2.49,2.34,2.43,537050
22-Oct-15,2.37,2.45,2.34,2.41,609121
21-Oct-15,2.50,2.50,2.33,2.35,506756
20-Oct-15,2.52,2.60,2.49,2.49,378331
19-Oct-15,2.55,2.58,2.45,2.50,507653
16-Oct-15,2.74,2.80,2.59,2.59,850096
15-Oct-15,2.67,2.76,2.58,2.76,546619
14-Oct-15,2.65,2.71,2.63,2.68,346464
13-Oct-15,2.62,2.80,2.55,2.65,799193
12-Oct-15,2.78,2.78,2.61,2.64,391150
9-Oct-15,2.94,2.97,2.76,2.77,1089984
8-Oct-15,2.70,2.91,2.69,2.91,1064025
7-Oct-15,2.70,2.79,2.59,2.70,1155038
6-Oct-15,2.52,2.77,2.52,2.65,1114390
5-Oct-15,2.39,2.51,2.39,2.49,736623
2-Oct-15,2.24,2.39,2.24,2.37,865370
1-Oct-15,2.22,2.29,2.18,2.27,921785
30-Sep-15,2.22,2.30,2.13,2.13,1610679
29-Sep-15,2.23,2.31,2.19,2.22,883746
28-Sep-15,2.26,2.27,2.18,2.21,623745
25-Sep-15,2.32,2.34,2.26,2.31,563833
24-Sep-15,2.26,2.33,2.23,2.29,537307
23-Sep-15,2.30,2.35,2.26,2.26,523127
22-Sep-15,2.30,2.36,2.25,2.30,334327
21-Sep-15,2.46,2.52,2.36,2.38,1428372
18-Sep-15,2.42,2.46,2.29,2.40,1122129
17-Sep-15,2.35,2.48,2.35,2.48,985671
16-Sep-15,2.15,2.38,2.15,2.36,826798
15-Sep-15,2.20,2.26,2.08,2.12,608272
14-Sep-15,2.27,2.27,2.15,2.18,551572
11-Sep-15,2.42,2.49,2.25,2.25,1372465
10-Sep-15,2.39,2.43,2.30,2.42,978098
9-Sep-15,2.46,2.54,2.37,2.40,881804
8-Sep-15,2.44,2.48,2.32,2.46,642479
4-Sep-15,2.34,2.43,2.29,2.40,421632
3-Sep-15,2.32,2.46,2.32,2.39,638289
2-Sep-15,2.45,2.47,2.32,2.33,1667716
1-Sep-15,2.39,2.48,2.34,2.37,1034603
31-Aug-15,2.35,2.54,2.26,2.49,1594996
28-Aug-15,2.16,2.46,2.15,2.41,2088212
27-Aug-15,1.96,2.20,1.95,2.18,2362981
26-Aug-15,1.95,2.00,1.89,1.91,1079596
25-Aug-15,1.99,2.01,1.88,1.94,811620
24-Aug-15,1.93,1.99,1.86,1.91,2071078
21-Aug-15,2.07,2.11,2.03,2.05,499332
20-Aug-15,2.06,2.11,2.04,2.08,475937
19-Aug-15,2.14,2.14,2.04,2.07,767359
18-Aug-15,2.15,2.18,2.11,2.15,736613
17-Aug-15,2.31,2.33,2.16,2.16,804405
14-Aug-15,2.26,2.36,2.26,2.33,594273
13-Aug-15,2.29,2.35,2.25,2.29,814289
12-Aug-15,2.30,2.37,2.27,2.32,562491
11-Aug-15,2.22,2.29,2.20,2.29,749098
10-Aug-15,2.16,2.33,2.14,2.30,1299436
7-Aug-15,2.22,2.26,2.13,2.14,931289
6-Aug-15,2.13,2.29,2.11,2.25,1027888
5-Aug-15,2.17,2.32,2.16,2.18,645574
4-Aug-15,2.13,2.28,2.12,2.19,701375
3-Aug-15,2.16,2.21,2.09,2.09,326874
31-Jul-15,2.20,2.25,2.17,2.20,706893
30-Jul-15,2.23,2.29,2.18,2.23,1014121
29-Jul-15,2.16,2.26,2.08,2.26,2710774
28-Jul-15,2.15,2.16,2.05,2.12,1853581
27-Jul-15,2.10,2.12,2.05,2.07,979636
24-Jul-15,2.22,2.22,2.08,2.11,1141977
23-Jul-15,2.33,2.37,2.12,2.19,2494160
22-Jul-15,2.30,2.33,2.24,2.30,514645
21-Jul-15,2.33,2.41,2.29,2.33,752753
20-Jul-15,2.42,2.46,2.29,2.30,945535
17-Jul-15,2.50,2.51,2.38,2.41,832719
16-Jul-15,2.64,2.66,2.50,2.50,719801
15-Jul-15,2.73,2.77,2.63,2.64,486742
14-Jul-15,2.63,2.84,2.60,2.77,407964
13-Jul-15,2.68,2.68,2.60,2.66,721215
10-Jul-15,2.69,2.72,2.64,2.69,480142
9-Jul-15,2.74,2.80,2.68,2.69,513003
8-Jul-15,2.81,2.83,2.63,2.68,661345
7-Jul-15,2.70,2.85,2.61,2.83,887677
6-Jul-15,2.79,2.79,2.56,2.72,926266
2-Jul-15,2.94,2.94,2.88,2.89,623596
1-Jul-15,2.98,3.06,2.91,2.92,765127
30-Jun-15,2.99,3.08,2.96,2.98,671664
29-Jun-15,3.07,3.07,2.98,3.01,1071046
26-Jun-15,3.11,3.20,3.06,3.08,1406097
25-Jun-15,3.24,3.31,3.06,3.11,1692475
24-Jun-15,3.00,3.12,2.96,3.06,778591
23-Jun-15,2.93,3.04,2.92,3.02,850213
22-Jun-15,3.01,3.01,2.92,2.95,775475
19-Jun-15,2.98,3.06,2.96,3.00,1297386
18-Jun-15,3.04,3.07,3.00,3.02,703017
17-Jun-15,3.07,3.11,3.01,3.03,497251
16-Jun-15,3.05,3.10,3.00,3.01,433664
15-Jun-15,3.03,3.09,2.99,3.04,526632
12-Jun-15,2.99,3.09,2.99,3.06,1430976
11-Jun-15,3.09,3.09,2.99,3.04,856217
10-Jun-15,3.18,3.18,3.05,3.07,1195637
9-Jun-15,2.97,2.98,2.88,2.92,1875927
8-Jun-15,2.94,2.96,2.90,2.91,678959
5-Jun-15,2.92,3.01,2.90,2.96,3119445
4-Jun-15,2.94,2.99,2.92,2.94,1122326
3-Jun-15,3.03,3.05,2.97,2.98,1540138
2-Jun-15,2.94,3.08,2.90,3.04,1171500
1-Jun-15,2.89,2.93,2.89,2.92,659371
29-May-15,2.90,2.95,2.88,2.90,1314915
28-May-15,2.97,2.99,2.83,2.91,1586086
27-May-15,3.15,3.16,2.97,3.02,1417804
26-May-15,3.29,3.29,3.16,3.16,948794
22-May-15,3.39,3.44,3.32,3.33,780535
21-May-15,3.42,3.46,3.38,3.41,869072
20-May-15,3.38,3.42,3.36,3.41,854445
19-May-15,3.46,3.48,3.33,3.41,1966053
18-May-15,3.58,3.58,3.45,3.53,1080316
15-May-15,3.55,3.64,3.50,3.58,2232121
14-May-15,3.68,3.73,3.56,3.56,1165451
13-May-15,3.74,3.77,3.60,3.68,1344240
12-May-15,3.73,3.80,3.68,3.69,1214215
11-May-15,3.80,3.80,3.66,3.71,1853380
8-May-15,3.55,3.79,3.55,3.73,1670814
7-May-15,3.80,3.80,3.55,3.65,2387626
6-May-15,3.90,3.99,3.83,3.87,2930037
5-May-15,3.82,3.97,3.77,3.84,2230496
4-May-15,3.81,3.88,3.77,3.81,1504540
1-May-15,3.70,3.80,3.60,3.77,2015477
30-Apr-15,3.74,3.75,3.65,3.72,2046503
29-Apr-15,3.66,3.83,3.63,3.74,1800717
28-Apr-15,3.65,3.67,3.58,3.65,1730089
27-Apr-15,3.62,3.71,3.56,3.61,1690444
24-Apr-15,3.60,3.68,3.54,3.59,1324114
23-Apr-15,3.61,3.74,3.56,3.62,1944805
22-Apr-15,3.63,3.90,3.55,3.55,3933480
21-Apr-15,3.39,3.57,3.14,3.52,4771789
20-Apr-15,3.52,3.58,3.38,3.38,2160245
17-Apr-15,3.73,3.75,3.42,3.52,3614325
16-Apr-15,3.52,3.82,3.38,3.73,7390624
15-Apr-15,3.28,3.55,3.17,3.54,4677042
14-Apr-15,3.15,3.33,3.13,3.31,3386363
13-Apr-15,3.00,3.15,2.93,3.11,2761758
10-Apr-15,2.93,3.05,2.91,3.00,1439549
9-Apr-15,2.98,3.05,2.88,2.93,1809058
8-Apr-15,2.95,3.01,2.87,2.97,3536001
7-Apr-15,2.83,2.98,2.78,2.97,3891987
6-Apr-15,2.80,2.88,2.76,2.84,2379167
2-Apr-15,2.72,2.82,2.69,2.73,1381329
1-Apr-15,2.75,2.82,2.66,2.72,1443833
31-Mar-15,2.54,2.87,2.53,2.73,3642981
30-Mar-15,2.65,2.65,2.54,2.59,1025487
27-Mar-15,2.66,2.72,2.60,2.62,1352225
26-Mar-15,2.80,2.80,2.61,2.71,2276401
25-Mar-15,2.66,2.75,2.61,2.73,1609278
24-Mar-15,2.66,2.68,2.61,2.64,2627821
23-Mar-15,2.54,2.69,2.51,2.65,2544352
20-Mar-15,2.59,2.62,2.50,2.54,4420303
19-Mar-15,2.36,2.52,2.36,2.51,3066159
18-Mar-15,2.33,2.46,2.28,2.44,8471367
17-Mar-15,2.27,2.36,2.20,2.36,2376927
16-Mar-15,2.36,2.40,2.26,2.30,2697888
13-Mar-15,2.54,2.56,2.39,2.40,2974116
12-Mar-15,2.69,2.72,2.54,2.56,2355366
11-Mar-15,2.61,2.72,2.57,2.69,1571428
10-Mar-15,2.57,2.73,2.57,2.62,1866059
9-Mar-15,2.72,2.80,2.64,2.70,1935365
6-Mar-15,2.71,2.74,2.63,2.70,1913569
5-Mar-15,2.75,2.78,2.65,2.69,1062372
4-Mar-15,2.63,2.75,2.58,2.75,3107396
3-Mar-15,2.55,2.61,2.50,2.60,2834437
2-Mar-15,2.48,2.55,2.38,2.53,6240614
27-Feb-15,2.58,2.61,2.51,2.53,3164513
26-Feb-15,2.55,2.61,2.51,2.56,1821421
25-Feb-15,2.58,2.63,2.56,2.59,2579678
24-Feb-15,2.62,2.69,2.56,2.60,1355202
23-Feb-15,2.57,2.62,2.50,2.59,3908435
20-Feb-15,2.76,2.76,2.59,2.61,1776290
19-Feb-15,2.64,2.73,2.58,2.68,2667541
18-Feb-15,2.77,2.87,2.75,2.78,2020531
17-Feb-15,2.94,2.94,2.80,2.89,2134161
13-Feb-15,2.85,2.85,2.76,2.83,1368671
12-Feb-15,2.75,2.82,2.71,2.75,2088074
11-Feb-15,2.62,2.73,2.56,2.66,2443681
10-Feb-15,2.77,2.82,2.55,2.68,2700330
9-Feb-15,2.81,3.00,2.79,2.86,5699474
6-Feb-15,2.74,2.80,2.69,2.75,4644589
5-Feb-15,2.47,2.64,2.47,2.61,4264343
4-Feb-15,2.47,2.52,2.37,2.44,4974763
3-Feb-15,2.49,2.63,2.42,2.54,7201827
2-Feb-15,2.30,2.39,2.26,2.28,9396740
30-Jan-15,2.08,2.18,2.07,2.14,4068841
29-Jan-15,2.14,2.18,2.06,2.10,3134511
28-Jan-15,2.20,2.24,2.11,2.13,3620497
27-Jan-15,2.24,2.28,2.15,2.18,5896518
26-Jan-15,2.29,2.30,2.18,2.21,4025213
23-Jan-15,2.37,2.40,2.25,2.26,3624308
22-Jan-15,2.44,2.45,2.34,2.38,3562191
21-Jan-15,2.43,2.48,2.32,2.41,4125937
20-Jan-15,2.89,2.90,2.12,2.36,9412075
16-Jan-15,3.30,3.63,3.28,3.60,1676161
15-Jan-15,3.57,3.58,3.24,3.25,844504
14-Jan-15,3.22,3.50,3.20,3.47,946840
13-Jan-15,3.33,3.37,3.16,3.23,909380
12-Jan-15,3.39,3.39,3.13,3.17,1619328
9-Jan-15,3.39,3.47,3.29,3.44,1249753
8-Jan-15,3.40,3.47,3.37,3.37,1074491
7-Jan-15,3.50,3.54,3.37,3.39,1149686
6-Jan-15,3.47,3.52,3.37,3.46,822435
5-Jan-15,3.86,3.87,3.45,3.47,1268800
2-Jan-15,3.79,3.95,3.71,3.93,661798
31-Dec-14,3.72,3.87,3.62,3.85,773560
30-Dec-14,3.76,3.85,3.68,3.78,634687
29-Dec-14,3.86,3.92,3.73,3.77,1163405
26-Dec-14,3.89,3.96,3.82,3.85,363231
24-Dec-14,3.83,3.92,3.69,3.86,790732
23-Dec-14,3.80,3.92,3.76,3.92,730139
22-Dec-14,3.88,3.90,3.68,3.75,1245077
19-Dec-14,3.78,3.94,3.73,3.94,1891420
18-Dec-14,3.78,3.88,3.62,3.78,2337081
17-Dec-14,3.37,3.85,3.37,3.70,2834156
16-Dec-14,3.12,3.50,3.10,3.37,2810999
15-Dec-14,3.11,3.24,3.09,3.11,3424932
12-Dec-14,3.16,3.26,3.08,3.13,1746402
11-Dec-14,3.30,3.42,3.17,3.20,3734981
10-Dec-14,3.33,3.39,3.22,3.31,2877819
9-Dec-14,3.39,3.58,3.39,3.42,2041717
8-Dec-14,3.58,3.61,3.32,3.44,1867105
5-Dec-14,3.60,3.70,3.55,3.61,1177459
4-Dec-14,3.68,3.73,3.57,3.62,1125517
3-Dec-14,3.66,3.92,3.60,3.72,1564031
2-Dec-14,3.60,3.75,3.53,3.61,1734760
1-Dec-14,3.80,3.80,3.53,3.53,2582716
28-Nov-14,4.27,4.33,3.80,3.82,2048328
26-Nov-14,4.66,4.68,4.39,4.40,1322191
25-Nov-14,4.79,4.80,4.56,4.64,1216733
24-Nov-14,4.90,4.90,4.66,4.76,1642132
21-Nov-14,4.93,5.20,4.80,4.93,1413657
20-Nov-14,4.58,4.87,4.51,4.85,1139593
19-Nov-14,4.54,4.61,4.46,4.54,934537
18-Nov-14,4.62,4.62,4.47,4.54,481852
17-Nov-14,4.70,4.70,4.46,4.62,1088547
14-Nov-14,4.47,4.63,4.41,4.59,789108
13-Nov-14,4.56,4.66,4.34,4.43,943617
12-Nov-14,4.55,4.70,4.51,4.61,573407
11-Nov-14,4.48,4.64,4.42,4.58,926829
10-Nov-14,4.65,4.76,4.47,4.48,804017
7-Nov-14,4.64,4.76,4.61,4.62,987772
6-Nov-14,4.39,4.61,4.35,4.59,1248867
5-Nov-14,4.27,4.49,4.19,4.43,1696219
4-Nov-14,4.47,4.47,4.16,4.23,2103503
3-Nov-14,4.57,4.65,4.43,4.47,2054461
31-Oct-14,4.56,4.57,4.39,4.56,2120181
30-Oct-14,4.70,4.72,4.55,4.61,542302
29-Oct-14,4.75,4.86,4.67,4.72,779221
28-Oct-14,4.56,4.71,4.52,4.69,799749
27-Oct-14,4.72,4.72,4.48,4.56,1205874
24-Oct-14,4.89,4.92,4.76,4.80,845016
23-Oct-14,4.96,5.05,4.88,4.90,1085858
22-Oct-14,5.12,5.12,4.89,4.89,1458019
21-Oct-14,5.03,5.14,5.00,5.08,1217487
20-Oct-14,4.69,5.00,4.69,4.90,1613813
17-Oct-14,4.72,4.95,4.67,4.68,2050007
16-Oct-14,4.24,4.70,4.22,4.66,2404068
15-Oct-14,4.24,4.56,4.24,4.49,2457775
14-Oct-14,4.80,4.88,4.48,4.50,2260637
13-Oct-14,4.64,4.88,4.62,4.81,2300593
10-Oct-14,4.70,4.79,4.57,4.64,1938767
9-Oct-14,4.88,4.88,4.68,4.74,2104704
8-Oct-14,4.95,4.95,4.68,4.88,2033725
7-Oct-14,5.00,5.11,4.96,4.98,2028036
6-Oct-14,5.14,5.20,5.02,5.04,1205866
3-Oct-14,5.09,5.23,5.09,5.13,843404
2-Oct-14,5.37,5.37,4.97,5.16,2004492
1-Oct-14,5.56,5.56,5.37,5.43,1892183
30-Sep-14,5.74,5.75,5.52,5.54,1367173
29-Sep-14,5.65,5.77,5.58,5.73,717379
26-Sep-14,5.58,5.75,5.53,5.70,1033379
25-Sep-14,5.60,5.66,5.50,5.57,1013894
24-Sep-14,5.60,5.61,5.43,5.61,1551830
23-Sep-14,5.64,5.72,5.61,5.61,1332426
22-Sep-14,5.89,5.92,5.64,5.66,1257415
19-Sep-14,5.99,6.03,5.90,5.94,696938
18-Sep-14,6.05,6.13,5.98,6.00,651247
17-Sep-14,6.27,6.28,6.01,6.05,981575
16-Sep-14,6.11,6.42,6.11,6.27,1211244
15-Sep-14,6.08,6.15,6.03,6.11,673229
12-Sep-14,6.17,6.18,6.08,6.09,611492
11-Sep-14,6.07,6.26,6.05,6.17,877735
10-Sep-14,6.19,6.23,6.05,6.12,945996
9-Sep-14,6.31,6.35,6.20,6.22,1182824
8-Sep-14,6.44,6.46,6.31,6.37,832478
5-Sep-14,6.53,6.57,6.37,6.51,654298
4-Sep-14,6.70,6.72,6.55,6.56,1250297
3-Sep-14,6.67,6.69,6.58,6.69,829677
2-Sep-14,6.71,6.71,6.56,6.61,734422
29-Aug-14,6.69,6.78,6.64,6.71,784194
28-Aug-14,6.74,6.74,6.66,6.67,577974
27-Aug-14,6.70,6.76,6.65,6.73,684576
26-Aug-14,6.51,6.67,6.49,6.66,777396
25-Aug-14,6.50,6.55,6.43,6.48,477565
22-Aug-14,6.58,6.64,6.49,6.51,650152
21-Aug-14,6.55,6.64,6.51,6.63,748434
20-Aug-14,6.52,6.57,6.51,6.54,660521
19-Aug-14,6.49,6.63,6.46,6.52,911800
18-Aug-14,6.46,6.52,6.45,6.49,1282359
15-Aug-14,6.47,6.53,6.44,6.46,1345229
14-Aug-14,6.49,6.49,6.38,6.42,1264128
13-Aug-14,6.36,6.50,6.36,6.47,1118545
12-Aug-14,6.44,6.45,6.31,6.35,1050294
11-Aug-14,6.44,6.52,6.41,6.44,663196
8-Aug-14,6.40,6.42,6.27,6.41,1246695
7-Aug-14,6.55,6.56,6.39,6.41,1298943
6-Aug-14,6.58,6.68,6.55,6.59,575102
5-Aug-14,6.72,6.75,6.53,6.54,840883
4-Aug-14,6.63,6.81,6.60,6.80,451586
1-Aug-14,6.61,6.67,6.57,6.63,1385358
31-Jul-14,6.71,6.71,6.57,6.64,959436
30-Jul-14,6.91,6.92,6.73,6.75,1753594
29-Jul-14,7.00,7.02,6.87,6.88,1616486
28-Jul-14,7.12,7.18,7.05,7.05,396594
25-Jul-14,7.13,7.16,7.09,7.14,511357
24-Jul-14,7.27,7.27,7.14,7.19,1785633
23-Jul-14,7.24,7.27,7.17,7.23,545663
22-Jul-14,7.23,7.29,7.20,7.24,518281
21-Jul-14,7.21,7.21,7.07,7.20,1099199
18-Jul-14,7.13,7.28,7.10,7.22,473913
17-Jul-14,7.24,7.34,7.14,7.14,826749
16-Jul-14,7.19,7.27,7.13,7.27,589078
15-Jul-14,7.20,7.25,7.10,7.15,833989
14-Jul-14,7.24,7.37,7.23,7.26,788784
11-Jul-14,7.48,7.48,7.29,7.30,1362403
10-Jul-14,7.48,7.57,7.44,7.48,1547418
9-Jul-14,7.74,7.74,7.45,7.50,2071819
8-Jul-14,7.79,7.83,7.62,7.76,1004759
7-Jul-14,7.94,8.00,7.75,7.77,1151773
3-Jul-14,7.98,8.05,7.96,7.99,300099
2-Jul-14,8.12,8.15,7.83,8.01,1321903
1-Jul-14,8.15,8.18,8.02,8.04,1375300
30-Jun-14,7.94,8.14,7.90,8.12,1221388
27-Jun-14,7.71,7.94,7.68,7.93,1199723
26-Jun-14,7.60,7.76,7.60,7.72,621632
25-Jun-14,7.54,7.68,7.54,7.65,477320
24-Jun-14,7.71,7.84,7.56,7.60,1203344
23-Jun-14,7.77,7.79,7.63,7.73,717122
20-Jun-14,7.78,7.78,7.70,7.78,536106
19-Jun-14,7.79,7.79,7.66,7.72,663997
18-Jun-14,7.57,7.79,7.56,7.75,807317
17-Jun-14,7.62,7.69,7.56,7.57,671191
16-Jun-14,7.54,7.73,7.54,7.61,946365
13-Jun-14,7.64,7.64,7.52,7.59,1461015
12-Jun-14,7.45,7.62,7.45,7.61,951501
11-Jun-14,7.31,7.47,7.24,7.46,1139793
10-Jun-14,7.21,7.29,7.18,7.26,527816
9-Jun-14,7.10,7.28,7.10,7.24,611741
6-Jun-14,7.11,7.19,7.08,7.13,774147
5-Jun-14,6.99,7.19,6.95,7.13,1045545
4-Jun-14,7.15,7.20,6.97,6.99,894366
3-Jun-14,7.18,7.21,7.12,7.19,1035046
2-Jun-14,7.19,7.27,7.16,7.20,466328
30-May-14,7.25,7.30,7.06,7.22,942983
29-May-14,7.23,7.30,7.16,7.28,572750
28-May-14,7.01,7.22,6.99,7.20,436053
27-May-14,7.16,7.21,7.01,7.07,641627
23-May-14,7.13,7.24,6.90,7.20,530290
22-May-14,7.16,7.22,7.12,7.15,643524
21-May-14,7.11,7.20,7.06,7.15,528405
20-May-14,6.92,7.08,6.88,7.06,486382
19-May-14,6.98,7.06,6.97,6.97,309281
16-May-14,7.02,7.06,6.95,6.97,431840
15-May-14,7.21,7.21,6.76,7.05,2459007
14-May-14,7.30,7.36,7.21,7.24,501403
13-May-14,7.32,7.34,7.29,7.31,504751
12-May-14,7.11,7.34,7.06,7.32,885406
9-May-14,7.24,7.25,7.06,7.10,1407062
8-May-14,7.11,7.33,7.11,7.24,1107421
7-May-14,7.06,7.24,6.59,7.08,1934172
6-May-14,7.08,7.16,7.01,7.04,681149
5-May-14,7.10,7.10,7.04,7.08,466495
2-May-14,7.04,7.15,7.03,7.09,692606
1-May-14,7.12,7.16,7.02,7.04,720452
30-Apr-14,7.35,7.35,7.09,7.15,703535
29-Apr-14,7.16,7.38,7.12,7.34,511780
28-Apr-14,7.19,7.24,7.07,7.13,584951
25-Apr-14,7.36,7.40,7.16,7.18,772978
24-Apr-14,7.40,7.42,7.32,7.34,869582
23-Apr-14,7.44,7.44,7.34,7.37,819635
22-Apr-14,7.62,7.62,7.42,7.42,794498
21-Apr-14,7.71,7.72,7.58,7.61,409212
17-Apr-14,7.51,7.80,7.51,7.72,681558
16-Apr-14,7.62,7.66,7.45,7.49,483456
15-Apr-14,7.62,7.66,7.48,7.57,503719
14-Apr-14,7.41,7.65,7.39,7.64,833972
11-Apr-14,7.34,7.48,7.32,7.37,489399
10-Apr-14,7.45,7.55,7.33,7.40,575597
9-Apr-14,7.52,7.58,7.41,7.47,719164
8-Apr-14,7.16,7.50,7.16,7.50,940704
7-Apr-14,7.33,7.41,7.15,7.15,1042442
4-Apr-14,7.53,7.55,7.29,7.34,794283
3-Apr-14,7.53,7.57,7.47,7.50,742212
2-Apr-14,7.62,7.64,7.49,7.50,1003430
1-Apr-14,7.52,7.63,7.46,7.63,638497
31-Mar-14,7.38,7.50,7.31,7.48,875376
28-Mar-14,7.34,7.38,7.14,7.32,807811
27-Mar-14,7.24,7.36,7.24,7.33,626438
26-Mar-14,7.43,7.43,7.26,7.27,818003
25-Mar-14,7.47,7.49,7.36,7.41,755488
24-Mar-14,7.52,7.53,7.36,7.42,874709
21-Mar-14,7.50,7.57,7.46,7.55,3007258
20-Mar-14,7.22,7.58,7.13,7.47,2270299
19-Mar-14,7.07,7.12,7.01,7.11,681179
18-Mar-14,6.91,7.12,6.91,7.08,1487133
17-Mar-14,6.92,6.95,6.86,6.92,1509870
14-Mar-14,6.92,6.96,6.89,6.92,464649
13-Mar-14,6.84,6.93,6.77,6.91,951577
12-Mar-14,6.82,6.87,6.73,6.82,1089623
11-Mar-14,6.94,7.00,6.80,6.87,1664965
10-Mar-14,7.00,7.03,6.89,6.96,1566085
7-Mar-14,7.13,7.13,7.01,7.08,667008
6-Mar-14,7.18,7.27,7.10,7.13,948544
5-Mar-14,7.03,7.13,7.01,7.09,766600
4-Mar-14,7.16,7.19,7.02,7.07,677748
3-Mar-14,7.07,7.18,7.06,7.10,614411
28-Feb-14,7.11,7.14,6.98,7.09,806105
27-Feb-14,7.29,7.30,7.06,7.08,1011478
26-Feb-14,7.30,7.35,7.18,7.27,1547934
25-Feb-14,7.58,7.63,7.50,7.60,1129885
24-Feb-14,7.58,7.68,7.55,7.61,725061
21-Feb-14,7.59,7.72,7.48,7.54,578114
20-Feb-14,7.52,7.62,7.50,7.58,569967
19-Feb-14,7.64,7.69,7.48,7.55,840609
18-Feb-14,7.45,7.73,7.42,7.71,989045
14-Feb-14,7.41,7.51,7.40,7.44,505528
13-Feb-14,7.42,7.45,7.34,7.43,753575
12-Feb-14,7.45,7.57,7.41,7.45,710001
11-Feb-14,7.26,7.50,7.24,7.41,1335328
10-Feb-14,7.45,7.45,7.24,7.37,1108222
7-Feb-14,7.48,7.52,7.39,7.44,756284
6-Feb-14,7.49,7.57,7.31,7.45,1019585
5-Feb-14,7.40,7.46,7.33,7.46,570367
4-Feb-14,7.50,7.59,7.37,7.46,800912
3-Feb-14,7.57,7.68,7.42,7.48,2400638
31-Jan-14,7.32,7.56,7.28,7.55,893748
30-Jan-14,7.38,7.55,7.35,7.42,1076818
29-Jan-14,7.39,7.50,7.25,7.29,844832
28-Jan-14,7.40,7.53,7.33,7.49,621144
27-Jan-14,7.44,7.47,7.16,7.36,1150814
24-Jan-14,7.50,7.54,7.31,7.34,815355
23-Jan-14,7.69,7.76,7.51,7.56,1101684
22-Jan-14,7.58,7.88,7.54,7.74,2938352
21-Jan-14,7.03,7.15,7.03,7.13,994566
17-Jan-14,7.08,7.10,7.00,7.05,398177
16-Jan-14,7.05,7.15,7.02,7.09,535983
15-Jan-14,7.08,7.12,6.99,7.07,585321
14-Jan-14,6.90,7.04,6.83,7.04,678897
13-Jan-14,7.04,7.08,6.89,6.90,1035395
10-Jan-14,7.02,7.07,6.99,7.02,728117
9-Jan-14,7.16,7.18,6.99,7.01,1146904
8-Jan-14,7.23,7.27,7.14,7.18,580250
7-Jan-14,7.22,7.29,7.19,7.22,729333
6-Jan-14,7.21,7.26,7.18,7.22,604984
3-Jan-14,7.19,7.26,7.16,7.23,701792
2-Jan-14,7.30,7.31,7.15,7.15,914949
31-Dec-13,7.18,7.35,7.18,7.31,530239
30-Dec-13,7.05,7.22,7.05,7.22,664014
27-Dec-13,6.99,7.14,6.94,7.05,425839
26-Dec-13,6.99,7.14,6.99,7.07,283013
24-Dec-13,6.99,7.05,6.98,7.00,191296
23-Dec-13,6.96,7.06,6.96,6.99,449323
20-Dec-13,7.02,7.02,6.93,6.98,593143
19-Dec-13,7.03,7.08,6.97,7.01,950239
18-Dec-13,6.97,7.10,6.95,7.06,807295
17-Dec-13,7.07,7.08,6.89,6.99,1779088
16-Dec-13,7.09,7.23,7.07,7.10,770406
13-Dec-13,6.87,7.12,6.87,7.10,874673
12-Dec-13,6.95,6.99,6.72,6.90,1273523
11-Dec-13,7.18,7.18,6.95,6.97,1502212
10-Dec-13,6.93,7.10,6.93,6.99,936320
9-Dec-13,7.06,7.07,6.93,6.93,545732
6-Dec-13,7.13,7.15,7.02,7.06,771383
5-Dec-13,7.18,7.18,7.03,7.05,1327156
4-Dec-13,7.31,7.35,6.92,7.07,2066562
3-Dec-13,6.81,7.02,6.73,7.02,1672654
2-Dec-13,7.06,7.10,6.86,6.86,1722806
29-Nov-13,7.16,7.21,7.08,7.10,325827
27-Nov-13,7.22,7.30,7.10,7.11,1005509
26-Nov-13,7.25,7.37,7.19,7.22,804251
25-Nov-13,7.38,7.40,7.25,7.30,950392
22-Nov-13,7.52,7.52,7.38,7.49,1080625
21-Nov-13,7.32,7.52,7.29,7.50,834639
20-Nov-13,7.48,7.52,7.26,7.33,1000328
19-Nov-13,7.30,7.52,7.28,7.49,1790689
18-Nov-13,7.33,7.47,7.25,7.35,1808347
15-Nov-13,7.24,7.38,7.16,7.31,682124
14-Nov-13,7.25,7.32,7.13,7.20,968917
13-Nov-13,7.10,7.36,7.06,7.29,1309394
12-Nov-13,7.30,7.55,7.12,7.12,3442221
11-Nov-13,7.65,7.76,7.59,7.75,969025
8-Nov-13,7.47,7.62,7.45,7.61,962491
7-Nov-13,7.73,7.73,7.42,7.49,1366985
6-Nov-13,7.91,7.95,7.70,7.71,941140
5-Nov-13,7.82,7.95,7.75,7.92,1054519
4-Nov-13,8.00,8.00,7.58,7.85,2183075
1-Nov-13,7.58,7.67,7.56,7.60,1943820
31-Oct-13,7.58,7.63,7.48,7.59,1041127
30-Oct-13,7.42,7.57,7.39,7.57,1284879
29-Oct-13,7.52,7.56,7.35,7.42,2994601
28-Oct-13,7.68,7.75,7.54,7.56,1297436
25-Oct-13,7.55,7.66,7.50,7.60,671553
24-Oct-13,7.52,7.62,7.42,7.53,931734
23-Oct-13,7.68,7.68,7.42,7.52,1521714
22-Oct-13,7.70,7.84,7.57,7.70,1044074
21-Oct-13,7.81,7.81,7.61,7.66,938003
18-Oct-13,7.68,7.87,7.61,7.70,1688497
17-Oct-13,7.61,7.73,7.48,7.62,1182507
16-Oct-13,7.28,7.59,7.26,7.57,1291824
15-Oct-13,7.51,7.66,7.14,7.20,1819573
14-Oct-13,7.48,7.73,7.35,7.65,943244
11-Oct-13,7.26,7.59,7.21,7.50,809280
10-Oct-13,7.35,7.40,7.28,7.36,617503
9-Oct-13,7.14,7.32,7.14,7.24,971473
8-Oct-13,7.35,7.45,7.13,7.14,1107313
7-Oct-13,7.38,7.40,7.23,7.35,1089754
4-Oct-13,7.04,7.46,7.04,7.46,913170
3-Oct-13,7.17,7.18,7.05,7.10,679291
2-Oct-13,7.15,7.21,7.08,7.20,710975
1-Oct-13,7.04,7.21,6.98,7.21,903294
30-Sep-13,7.20,7.20,7.02,7.09,765806
27-Sep-13,7.25,7.43,7.19,7.34,887447
26-Sep-13,7.25,7.33,7.22,7.29,754785
25-Sep-13,7.18,7.28,7.16,7.21,567150
24-Sep-13,7.06,7.22,7.01,7.18,657580
23-Sep-13,6.89,7.06,6.84,7.06,587053
20-Sep-13,7.11,7.13,6.89,7.02,1234208
19-Sep-13,7.40,7.40,7.06,7.14,978713
18-Sep-13,7.25,7.37,7.20,7.36,923230
17-Sep-13,7.30,7.30,7.20,7.22,763065
16-Sep-13,7.02,7.28,7.02,7.26,1773193
13-Sep-13,7.07,7.07,6.92,6.97,770273
12-Sep-13,6.96,6.98,6.90,6.93,493610
11-Sep-13,6.95,6.97,6.88,6.96,916238
10-Sep-13,6.90,6.96,6.83,6.95,546894
9-Sep-13,6.89,6.92,6.83,6.88,644107
6-Sep-13,6.92,6.94,6.81,6.85,472137
5-Sep-13,6.89,6.92,6.83,6.83,716798
4-Sep-13,6.90,6.95,6.85,6.88,1493858
3-Sep-13,6.91,6.93,6.82,6.90,1771425
30-Aug-13,6.75,6.99,6.74,6.79,1586515
29-Aug-13,6.62,6.66,6.56,6.60,892659
28-Aug-13,6.35,6.68,6.31,6.61,1112718
27-Aug-13,6.40,6.46,6.27,6.31,350451
26-Aug-13,6.48,6.50,6.40,6.47,472503
23-Aug-13,6.59,6.62,6.39,6.46,1393215
22-Aug-13,6.43,6.58,6.38,6.56,675486
21-Aug-13,6.34,6.41,6.27,6.37,505792
20-Aug-13,6.38,6.47,6.27,6.39,965465
19-Aug-13,6.60,6.63,6.38,6.40,1035012
16-Aug-13,6.65,6.67,6.55,6.66,853255
15-Aug-13,6.67,6.70,6.62,6.67,763226
14-Aug-13,6.68,6.72,6.62,6.72,655263
13-Aug-13,6.57,6.67,6.50,6.67,639495
12-Aug-13,6.58,6.61,6.50,6.55,752627
9-Aug-13,6.55,6.62,6.49,6.59,853700
8-Aug-13,6.42,6.59,6.40,6.58,1076842
7-Aug-13,6.52,6.52,6.29,6.40,866303
6-Aug-13,6.42,6.44,6.30,6.41,829596
5-Aug-13,6.29,6.52,6.26,6.42,875261
2-Aug-13,6.26,6.31,6.19,6.28,405539
1-Aug-13,6.18,6.32,6.12,6.29,636369
31-Jul-13,6.05,6.20,5.95,6.15,800029
30-Jul-13,6.10,6.10,5.99,6.02,529679
29-Jul-13,6.17,6.19,6.08,6.10,351012
26-Jul-13,6.28,6.32,6.11,6.21,523068
25-Jul-13,6.26,6.29,6.17,6.23,320721
24-Jul-13,6.36,6.36,6.25,6.28,578581
23-Jul-13,6.30,6.37,6.26,6.32,649418
22-Jul-13,6.30,6.36,6.27,6.32,486654
19-Jul-13,6.26,6.30,6.23,6.30,515823
18-Jul-13,6.21,6.27,6.19,6.27,574776
17-Jul-13,6.19,6.21,6.10,6.19,608346
16-Jul-13,6.08,6.19,6.02,6.19,506116
15-Jul-13,6.28,6.30,6.05,6.08,803665
12-Jul-13,6.19,6.29,6.13,6.27,508643
11-Jul-13,6.21,6.26,6.14,6.22,498273
10-Jul-13,6.08,6.11,5.98,6.09,1260961
9-Jul-13,6.06,6.09,5.98,6.07,238980
8-Jul-13,6.08,6.08,5.97,6.03,475427
5-Jul-13,6.02,6.07,5.95,6.05,442360
3-Jul-13,6.00,6.08,5.97,6.08,219133
2-Jul-13,6.15,6.15,5.96,6.01,411811
1-Jul-13,6.04,6.14,5.99,6.06,445128
28-Jun-13,5.77,6.13,5.77,6.01,1453285
27-Jun-13,5.80,5.90,5.76,5.80,376869
26-Jun-13,5.75,5.83,5.66,5.75,1008555
25-Jun-13,5.63,5.77,5.45,5.72,1187358
24-Jun-13,5.72,5.73,5.52,5.58,803861
21-Jun-13,5.69,5.84,5.66,5.84,786943
20-Jun-13,6.00,6.00,5.68,5.74,949779
19-Jun-13,6.28,6.28,6.07,6.11,707348
18-Jun-13,6.27,6.35,6.25,6.27,415598
17-Jun-13,6.28,6.34,6.25,6.29,388382
14-Jun-13,6.30,6.38,6.21,6.23,222838
13-Jun-13,6.29,6.39,6.21,6.32,794645
12-Jun-13,6.22,6.33,6.12,6.27,727178
11-Jun-13,6.47,6.49,6.21,6.23,969651
10-Jun-13,6.40,6.59,6.36,6.53,638114
7-Jun-13,6.41,6.41,6.27,6.40,410688
6-Jun-13,6.43,6.48,6.30,6.33,715608
5-Jun-13,6.40,6.48,6.35,6.40,867308
4-Jun-13,6.36,6.49,6.30,6.42,2154974
3-Jun-13,6.26,6.40,6.20,6.40,1946029
31-May-13,6.21,6.29,6.18,6.28,2019260
30-May-13,6.26,6.29,6.19,6.22,1442443
29-May-13,6.38,6.40,6.21,6.27,1645286
28-May-13,6.40,6.73,6.40,6.44,1834231
24-May-13,6.33,6.34,6.24,6.34,526863
23-May-13,6.15,6.41,6.15,6.39,987315
22-May-13,6.34,6.36,6.20,6.28,830514
21-May-13,6.34,6.47,6.30,6.31,706349
20-May-13,6.35,6.46,6.33,6.45,742113
17-May-13,6.28,6.40,6.25,6.31,539482
16-May-13,6.46,6.54,6.28,6.32,860778
15-May-13,6.11,6.54,6.11,6.48,1754570
14-May-13,6.09,6.18,5.98,6.14,1255399
13-May-13,6.08,6.15,6.06,6.10,517323
10-May-13,6.11,6.17,6.03,6.13,1086810
9-May-13,6.23,6.28,6.09,6.18,743413
8-May-13,6.10,6.30,6.08,6.23,1351920
7-May-13,6.07,6.25,6.00,6.08,1550147
6-May-13,5.79,6.29,5.77,6.15,2702876
3-May-13,5.54,5.68,5.52,5.65,1044306
2-May-13,5.60,5.60,5.40,5.48,889660
1-May-13,5.51,5.51,5.40,5.50,1229542
30-Apr-13,5.54,5.55,5.49,5.53,508667
29-Apr-13,5.58,5.68,5.58,5.61,381669
26-Apr-13,5.70,5.71,5.50,5.54,941432
25-Apr-13,5.32,5.78,5.30,5.78,957540
24-Apr-13,5.22,5.41,5.19,5.32,1622173
23-Apr-13,5.28,5.30,5.16,5.21,1683674
22-Apr-13,5.29,5.39,5.24,5.28,794222
19-Apr-13,5.34,5.35,5.21,5.28,554440
18-Apr-13,5.36,5.48,5.23,5.32,941359
17-Apr-13,5.40,5.52,5.17,5.33,809545
16-Apr-13,5.42,5.50,5.35,5.42,604932
15-Apr-13,5.52,5.57,5.33,5.37,796394
12-Apr-13,5.81,5.86,5.61,5.66,752367
11-Apr-13,5.79,5.87,5.78,5.85,631733
10-Apr-13,5.79,5.83,5.76,5.82,506430
9-Apr-13,5.72,5.78,5.64,5.76,1177435
8-Apr-13,5.61,5.73,5.60,5.72,710061
5-Apr-13,5.64,5.67,5.60,5.60,381830
4-Apr-13,5.70,5.78,5.67,5.70,697512
3-Apr-13,5.81,5.87,5.66,5.72,729367
2-Apr-13,5.81,5.93,5.81,5.84,694060
1-Apr-13,5.81,5.85,5.73,5.78,338258
28-Mar-13,5.91,5.91,5.77,5.88,669976
27-Mar-13,5.75,5.96,5.70,5.90,624799
26-Mar-13,5.77,5.81,5.62,5.76,935588
25-Mar-13,5.99,5.99,5.76,5.81,765505
22-Mar-13,6.00,6.01,5.90,5.95,1069289
21-Mar-13,5.86,5.99,5.84,5.97,1850417
20-Mar-13,5.80,5.94,5.80,5.88,1120308
19-Mar-13,5.81,5.87,5.68,5.76,793012
18-Mar-13,5.79,5.87,5.73,5.78,842374
15-Mar-13,5.87,5.93,5.82,5.86,770387
14-Mar-13,5.81,5.93,5.80,5.87,682103
13-Mar-13,5.97,6.04,5.85,5.85,812149
12-Mar-13,6.04,6.04,5.91,6.01,736713
11-Mar-13,6.19,6.19,6.01,6.04,570075
8-Mar-13,6.12,6.20,6.03,6.12,1261185
7-Mar-13,5.90,6.11,5.90,6.08,816489
6-Mar-13,5.95,5.98,5.89,5.89,552526
5-Mar-13,5.84,5.96,5.84,5.96,1054516
4-Mar-13,6.00,6.00,5.76,5.81,1266902
1-Mar-13,5.99,6.08,5.84,6.01,1123190
28-Feb-13,6.08,6.18,5.98,6.00,2903360
27-Feb-13,5.95,6.12,5.95,5.99,1338182
26-Feb-13,6.05,6.13,5.80,5.87,1482091
25-Feb-13,6.05,6.25,6.05,6.11,2152056
22-Feb-13,5.87,6.12,5.81,6.11,2343675
21-Feb-13,5.73,5.84,5.60,5.82,2113750
20-Feb-13,5.65,5.66,5.48,5.48,877589
19-Feb-13,5.64,5.74,5.58,5.66,1115474
15-Feb-13,5.82,5.82,5.64,5.77,977486
14-Feb-13,5.86,5.91,5.81,5.85,627000
13-Feb-13,5.95,5.97,5.85,5.87,837131
12-Feb-13,5.63,5.96,5.63,5.91,3798388
11-Feb-13,5.47,5.53,5.45,5.47,316879
8-Feb-13,5.49,5.56,5.48,5.54,510949
7-Feb-13,5.55,5.56,5.41,5.48,1302156
6-Feb-13,5.46,5.54,5.44,5.51,1767645
5-Feb-13,5.45,5.58,5.34,5.55,1390194
4-Feb-13,5.30,5.43,5.29,5.36,1022347
1-Feb-13,5.29,5.32,5.27,5.30,777987
31-Jan-13,5.14,5.40,5.12,5.33,1389227
30-Jan-13,5.28,5.38,5.20,5.21,1385732
29-Jan-13,5.15,5.30,5.09,5.27,2058608
28-Jan-13,5.20,5.20,5.08,5.10,1030141
25-Jan-13,5.03,5.18,4.96,5.18,1591580
24-Jan-13,5.15,5.20,4.93,5.00,3413836
23-Jan-13,5.37,5.38,5.14,5.20,1937573
22-Jan-13,5.31,5.39,5.22,5.39,1807145
18-Jan-13,5.49,5.49,5.34,5.37,1002488
17-Jan-13,5.50,5.54,5.44,5.47,624451
16-Jan-13,5.57,5.57,5.45,5.48,695093
15-Jan-13,5.61,5.64,5.52,5.54,1069059
14-Jan-13,5.46,5.61,5.45,5.60,1335448
11-Jan-13,5.58,5.61,5.41,5.46,1002571
10-Jan-13,5.55,5.58,5.40,5.51,1225818
9-Jan-13,5.51,5.59,5.45,5.50,599183
8-Jan-13,5.62,5.66,5.48,5.51,1124612
7-Jan-13,5.79,5.80,5.62,5.67,613263
4-Jan-13,5.62,5.75,5.61,5.71,567957
3-Jan-13,5.68,5.74,5.60,5.62,387905
2-Jan-13,5.60,5.72,5.60,5.67,660001
31-Dec-12,5.44,5.54,5.44,5.51,620724
28-Dec-12,5.43,5.50,5.40,5.47,389242
27-Dec-12,5.48,5.53,5.38,5.48,648708
26-Dec-12,5.46,5.54,5.29,5.37,364323
24-Dec-12,5.38,5.49,5.34,5.46,339885
21-Dec-12,5.55,5.59,5.46,5.51,787160
20-Dec-12,5.71,5.71,5.58,5.63,589933
19-Dec-12,5.83,5.85,5.70,5.71,579410
18-Dec-12,5.87,6.01,5.80,5.80,1233066
17-Dec-12,5.89,5.96,5.84,5.93,2040174
14-Dec-12,5.85,5.91,5.73,5.85,1287950
13-Dec-12,5.70,5.97,5.68,5.88,1504269
12-Dec-12,5.58,5.76,5.58,5.74,877908
11-Dec-12,5.52,5.63,5.49,5.60,781652
10-Dec-12,5.67,5.71,5.47,5.51,815703
7-Dec-12,5.69,5.70,5.60,5.65,610196
6-Dec-12,5.65,5.71,5.61,5.66,958669
5-Dec-12,5.63,5.71,5.58,5.68,881729
4-Dec-12,5.59,5.62,5.50,5.61,2784623
3-Dec-12,5.63,5.68,5.51,5.60,1217916
30-Nov-12,5.67,5.75,5.64,5.75,1710318
29-Nov-12,5.79,5.79,5.62,5.68,785269
28-Nov-12,5.50,5.74,5.48,5.73,790397
27-Nov-12,5.56,5.62,5.48,5.50,531676
26-Nov-12,5.61,5.64,5.52,5.59,577487
23-Nov-12,5.55,5.67,5.54,5.67,211133
21-Nov-12,5.60,5.60,5.45,5.53,628211
20-Nov-12,5.71,5.72,5.53,5.60,700687
19-Nov-12,5.69,5.76,5.58,5.67,552186
16-Nov-12,5.70,5.70,5.49,5.59,878784
15-Nov-12,5.63,5.65,5.46,5.63,1258627
14-Nov-12,5.64,5.65,5.47,5.50,986889
13-Nov-12,5.64,5.77,5.55,5.63,856852
12-Nov-12,5.61,6.05,5.57,5.75,1285946
9-Nov-12,5.34,5.57,5.33,5.57,2683050
8-Nov-12,5.31,5.35,5.11,5.33,1170332
7-Nov-12,4.93,5.22,4.93,5.09,1943991
6-Nov-12,4.97,5.01,4.84,4.90,482724
5-Nov-12,5.00,5.02,4.89,4.98,185455
2-Nov-12,5.07,5.10,4.96,5.05,284245
1-Nov-12,5.05,5.07,4.94,5.07,195102
31-Oct-12,4.87,5.08,4.87,5.08,277727
26-Oct-12,4.97,5.03,4.87,4.87,321371
25-Oct-12,5.07,5.10,4.97,4.99,301554
24-Oct-12,5.03,5.04,4.83,5.04,485613
23-Oct-12,5.12,5.15,4.95,4.99,367555
22-Oct-12,5.35,5.35,5.11,5.21,418676
19-Oct-12,5.28,5.42,5.27,5.35,359442
18-Oct-12,5.28,5.34,5.25,5.26,277997
17-Oct-12,5.24,5.34,5.20,5.25,266765
16-Oct-12,5.14,5.25,5.11,5.24,338366
15-Oct-12,5.18,5.20,5.00,5.13,255535
12-Oct-12,5.36,5.36,5.15,5.17,156272
11-Oct-12,5.21,5.38,5.21,5.28,543324
10-Oct-12,5.18,5.19,5.13,5.17,292504
9-Oct-12,5.11,5.20,5.07,5.20,305761
8-Oct-12,5.09,5.13,5.01,5.05,139419
5-Oct-12,5.11,5.16,5.04,5.11,624641
4-Oct-12,5.09,5.12,5.05,5.11,433986
3-Oct-12,5.11,5.11,4.95,5.05,354266
2-Oct-12,5.23,5.23,5.09,5.11,620512
1-Oct-12,5.19,5.28,5.14,5.21,909561
28-Sep-12,5.12,5.17,5.04,5.17,318204
27-Sep-12,5.02,5.18,4.98,5.13,808858
26-Sep-12,4.99,5.07,4.90,4.98,758023
25-Sep-12,5.29,5.29,5.05,5.05,440853
24-Sep-12,5.21,5.26,5.12,5.25,566256
21-Sep-12,5.34,5.40,5.24,5.27,504219
20-Sep-12,5.17,5.33,5.14,5.30,330201
19-Sep-12,5.28,5.43,5.16,5.22,1020944
18-Sep-12,5.31,5.48,5.29,5.37,825460
17-Sep-12,5.48,5.53,5.35,5.38,775241
14-Sep-12,5.37,5.75,5.37,5.51,827292
13-Sep-12,5.19,5.49,5.04,5.42,1042778
12-Sep-12,5.25,5.25,5.17,5.17,500344
11-Sep-12,5.22,5.27,5.15,5.23,821090
10-Sep-12,5.01,5.22,5.01,5.20,761034
7-Sep-12,4.74,5.04,4.73,5.03,662497
6-Sep-12,4.71,4.76,4.65,4.71,565824
5-Sep-12,4.60,4.68,4.57,4.65,564003
4-Sep-12,4.46,4.67,4.45,4.59,958385
31-Aug-12,4.44,4.55,4.40,4.46,439275
30-Aug-12,4.42,4.45,4.36,4.39,918929
29-Aug-12,4.48,4.55,4.44,4.45,208743
28-Aug-12,4.61,4.66,4.48,4.49,503473
27-Aug-12,4.69,4.70,4.62,4.62,265545
24-Aug-12,4.70,4.73,4.55,4.65,559637
23-Aug-12,4.72,4.78,4.65,4.73,222014
22-Aug-12,4.90,4.90,4.70,4.72,333851
21-Aug-12,4.75,4.92,4.75,4.92,581758
20-Aug-12,4.70,4.82,4.67,4.74,718449
17-Aug-12,4.90,4.90,4.79,4.80,245925
16-Aug-12,4.78,4.89,4.78,4.87,307824
15-Aug-12,4.85,4.87,4.77,4.78,292276
14-Aug-12,4.90,4.98,4.80,4.85,567290
13-Aug-12,4.91,4.99,4.84,4.87,434292
10-Aug-12,4.90,4.97,4.82,4.94,502014
9-Aug-12,4.87,4.99,4.86,4.93,757958
8-Aug-12,4.75,5.02,4.70,4.83,1346813
7-Aug-12,4.23,4.66,4.23,4.64,1044832
6-Aug-12,4.42,4.50,4.39,4.48,338101
3-Aug-12,4.47,4.47,4.34,4.40,310888
2-Aug-12,4.43,4.52,4.31,4.33,266446
1-Aug-12,4.61,4.62,4.53,4.57,273837
31-Jul-12,4.62,4.64,4.56,4.57,228693
30-Jul-12,4.58,4.61,4.48,4.59,208360
27-Jul-12,4.48,4.61,4.46,4.61,560689
26-Jul-12,4.40,4.48,4.38,4.45,494379
25-Jul-12,4.25,4.38,4.20,4.33,476081
24-Jul-12,4.32,4.38,4.17,4.20,485651
23-Jul-12,4.30,4.37,4.21,4.33,332378
20-Jul-12,4.47,4.49,4.35,4.42,340821
19-Jul-12,4.53,4.60,4.48,4.55,457791
18-Jul-12,4.26,4.50,4.20,4.45,691273
17-Jul-12,4.19,4.32,4.10,4.31,1478831
16-Jul-12,4.26,4.27,4.04,4.17,1536531
13-Jul-12,4.21,4.31,4.13,4.30,1207563
12-Jul-12,4.23,4.32,4.00,4.20,1554832
11-Jul-12,4.46,4.52,4.32,4.40,746435
10-Jul-12,4.68,4.75,4.41,4.46,696640
9-Jul-12,4.71,4.72,4.62,4.66,446736
6-Jul-12,4.73,4.81,4.65,4.71,475335
5-Jul-12,4.96,5.01,4.79,4.80,460937
3-Jul-12,4.92,5.00,4.90,4.98,459734
2-Jul-12,4.90,4.94,4.73,4.88,213609
29-Jun-12,4.88,4.97,4.73,4.91,589930
28-Jun-12,4.58,4.77,4.55,4.71,493705
27-Jun-12,4.50,4.66,4.44,4.61,410742
26-Jun-12,4.46,4.54,4.38,4.49,333495
25-Jun-12,4.48,4.48,4.37,4.44,393519
22-Jun-12,4.50,4.62,4.46,4.62,435053
21-Jun-12,4.74,4.80,4.46,4.46,697984
20-Jun-12,4.84,4.84,4.69,4.73,407004
19-Jun-12,4.79,4.90,4.75,4.83,491649
18-Jun-12,4.70,4.84,4.67,4.79,418142
15-Jun-12,4.79,4.80,4.70,4.76,343930
14-Jun-12,4.64,4.81,4.62,4.80,467786
13-Jun-12,4.73,4.73,4.60,4.64,787491
12-Jun-12,4.82,4.82,4.69,4.77,368501
11-Jun-12,5.07,5.14,4.70,4.73,342973
8-Jun-12,5.06,5.10,4.92,4.92,378515
7-Jun-12,5.11,5.26,5.10,5.13,465140
6-Jun-12,4.90,5.04,4.82,4.99,516798
5-Jun-12,4.69,4.84,4.66,4.83,423787
4-Jun-12,4.74,4.80,4.63,4.72,555264
1-Jun-12,4.92,4.92,4.68,4.75,600687
31-May-12,5.05,5.10,4.89,5.05,722118
30-May-12,5.10,5.15,4.98,5.03,1127330
29-May-12,5.20,5.28,5.13,5.22,708610
25-May-12,5.00,5.08,4.97,5.07,321426
24-May-12,5.14,5.29,4.94,4.99,807245
23-May-12,4.95,5.17,4.83,5.11,491225
22-May-12,4.91,5.12,4.85,4.94,695158
21-May-12,4.76,5.03,4.74,5.01,581001
18-May-12,4.94,4.94,4.70,4.75,656938
17-May-12,5.06,5.08,4.86,4.91,577427
16-May-12,5.01,5.17,5.00,5.07,893594
15-May-12,5.23,5.23,4.99,4.99,669558
14-May-12,5.48,5.48,5.19,5.24,838861
11-May-12,5.53,5.69,5.46,5.56,557991
10-May-12,5.53,5.65,5.45,5.60,1261787
9-May-12,5.81,5.81,5.46,5.49,1798635
8-May-12,5.85,5.90,5.58,5.87,2451103
7-May-12,5.87,6.06,5.80,5.97,1153161
4-May-12,6.02,6.10,5.89,6.05,1018226
3-May-12,6.35,6.39,5.96,6.13,1052684
2-May-12,6.39,6.41,6.25,6.35,779139
1-May-12,6.45,6.58,6.41,6.47,1313482
30-Apr-12,6.55,6.55,6.37,6.45,399953
27-Apr-12,6.64,6.64,6.41,6.47,507177
26-Apr-12,6.42,6.65,6.39,6.64,852619
25-Apr-12,6.36,6.46,6.24,6.42,549437
24-Apr-12,6.36,6.38,6.27,6.31,383342
23-Apr-12,6.24,6.35,6.10,6.33,484234
20-Apr-12,6.28,6.40,6.24,6.37,767575
19-Apr-12,6.07,6.18,6.04,6.18,454678
18-Apr-12,6.21,6.31,6.00,6.10,1141016
17-Apr-12,6.35,6.39,6.19,6.30,932570
16-Apr-12,6.40,6.40,6.11,6.34,1161926
13-Apr-12,6.47,6.49,6.33,6.35,633104
12-Apr-12,6.19,6.58,6.16,6.48,1900431
11-Apr-12,5.97,6.01,5.83,6.00,473718
10-Apr-12,5.98,6.00,5.85,5.89,489720
9-Apr-12,6.10,6.14,5.97,6.00,274076
5-Apr-12,6.16,6.31,6.13,6.20,385242
4-Apr-12,6.28,6.34,6.10,6.16,566566
3-Apr-12,6.41,6.45,6.34,6.39,697431
2-Apr-12,6.31,6.42,6.25,6.41,1183099
30-Mar-12,6.08,6.32,5.96,6.29,1266257
29-Mar-12,5.86,5.89,5.70,5.84,916336
28-Mar-12,6.04,6.06,5.89,5.94,534454
27-Mar-12,6.14,6.17,6.03,6.05,468270
26-Mar-12,6.06,6.15,6.04,6.14,932379
23-Mar-12,5.83,6.09,5.83,6.03,700692
22-Mar-12,5.96,5.96,5.80,5.89,342492
21-Mar-12,6.02,6.05,5.95,6.01,292456
20-Mar-12,6.06,6.10,5.91,6.01,611039
19-Mar-12,5.99,6.13,5.92,6.07,726772
16-Mar-12,6.12,6.12,5.90,5.98,746019
15-Mar-12,6.14,6.18,6.02,6.08,473728
14-Mar-12,6.17,6.20,6.02,6.08,454829
13-Mar-12,6.10,6.23,6.02,6.17,625962
12-Mar-12,6.27,6.29,6.10,6.10,482381
9-Mar-12,6.18,6.35,6.18,6.25,740603
8-Mar-12,5.84,6.26,5.84,6.12,1512410
7-Mar-12,5.58,5.81,5.52,5.81,933293
6-Mar-12,5.58,5.61,5.41,5.56,1383237
5-Mar-12,5.74,5.80,5.61,5.73,1089380
2-Mar-12,6.00,6.00,5.74,5.77,697735
1-Mar-12,5.84,6.00,5.81,6.00,771027
29-Feb-12,5.82,5.91,5.74,5.83,1740112
28-Feb-12,6.10,6.13,5.75,5.79,2431361
27-Feb-12,5.82,6.17,5.70,6.01,1953689
24-Feb-12,5.82,5.95,5.72,5.79,724390
23-Feb-12,5.98,5.98,5.82,5.84,585764
22-Feb-12,6.01,6.06,5.94,5.97,278403
21-Feb-12,5.95,6.19,5.85,6.00,903489
17-Feb-12,5.91,5.93,5.81,5.91,500178
16-Feb-12,5.75,5.89,5.74,5.85,643902
15-Feb-12,5.71,5.80,5.64,5.79,547965
14-Feb-12,5.66,5.69,5.56,5.66,416273
13-Feb-12,5.70,5.70,5.61,5.67,725949
10-Feb-12,5.70,5.75,5.54,5.66,758997
9-Feb-12,5.81,5.83,5.72,5.80,427646
8-Feb-12,5.88,5.93,5.75,5.79,775380
7-Feb-12,5.91,5.98,5.79,5.87,573974
6-Feb-12,5.92,5.96,5.78,5.85,692826
3-Feb-12,5.95,6.04,5.92,5.95,666401
2-Feb-12,5.78,5.92,5.76,5.87,647281
1-Feb-12,5.75,5.86,5.60,5.79,1054245
31-Jan-12,5.58,5.77,5.55,5.77,691867
30-Jan-12,5.54,5.57,5.41,5.50,348863
27-Jan-12,5.52,5.72,5.50,5.64,667057
26-Jan-12,5.52,5.63,5.49,5.58,955826
25-Jan-12,5.30,5.50,5.18,5.50,812766
24-Jan-12,5.31,5.38,5.18,5.24,513149
23-Jan-12,5.44,5.50,5.38,5.41,798122
20-Jan-12,5.30,5.44,5.23,5.36,692716
19-Jan-12,5.18,5.45,5.15,5.35,1410491
18-Jan-12,4.82,5.15,4.76,5.09,819458
17-Jan-12,4.81,4.88,4.73,4.82,768206
13-Jan-12,4.81,4.84,4.61,4.73,814626
12-Jan-12,4.90,4.93,4.84,4.85,1373929
11-Jan-12,4.98,5.02,4.87,4.87,861561
10-Jan-12,5.01,5.08,4.97,5.01,375138
9-Jan-12,4.91,4.99,4.86,4.95,645691
6-Jan-12,5.03,5.14,4.85,4.89,784706
5-Jan-12,4.93,5.03,4.80,5.01,701138
4-Jan-12,5.07,5.22,4.94,5.00,1361810
3-Jan-12,4.95,5.14,4.95,5.07,805877
30-Dec-11,4.76,4.86,4.72,4.80,577713
29-Dec-11,4.63,4.74,4.61,4.72,827816
28-Dec-11,4.76,4.76,4.59,4.64,778707
27-Dec-11,4.62,4.79,4.59,4.75,614363
23-Dec-11,4.62,4.67,4.53,4.64,538634
22-Dec-11,4.70,4.75,4.57,4.60,766492
21-Dec-11,4.62,4.66,4.52,4.63,1526642
20-Dec-11,4.55,4.72,4.55,4.58,1201829
19-Dec-11,4.58,4.58,4.34,4.43,1506806
16-Dec-11,4.60,4.65,4.50,4.56,1685905
15-Dec-11,4.65,4.66,4.34,4.56,1390490
14-Dec-11,4.82,4.82,4.46,4.57,1791322
13-Dec-11,5.07,5.18,4.87,4.87,1236571
12-Dec-11,5.14,5.15,4.98,5.01,1077259
9-Dec-11,5.26,5.36,5.17,5.22,907300
8-Dec-11,5.48,5.50,5.20,5.20,486208
7-Dec-11,5.52,5.58,5.43,5.55,587819
6-Dec-11,5.62,5.63,5.52,5.54,977366
5-Dec-11,5.91,5.91,5.57,5.61,1265530
2-Dec-11,6.18,6.18,5.58,5.73,1609479
1-Dec-11,6.32,6.38,6.10,6.23,393278
30-Nov-11,6.08,6.48,6.08,6.38,1182180
29-Nov-11,5.81,5.98,5.80,5.96,442695
28-Nov-11,5.58,5.85,5.51,5.81,490513
25-Nov-11,5.44,5.55,5.31,5.38,263478
23-Nov-11,5.61,5.85,5.50,5.53,713777
22-Nov-11,5.87,5.87,5.70,5.70,739867
21-Nov-11,5.90,5.93,5.75,5.81,665930
18-Nov-11,6.01,6.16,6.01,6.07,664088
17-Nov-11,6.06,6.13,5.91,5.95,752936
16-Nov-11,6.20,6.27,6.06,6.08,596365
15-Nov-11,6.33,6.33,6.19,6.22,396608
14-Nov-11,6.34,6.40,6.28,6.34,269763
11-Nov-11,6.40,6.50,6.33,6.35,394253
10-Nov-11,6.20,6.39,6.15,6.30,387736
9-Nov-11,6.18,6.47,6.15,6.21,764593
8-Nov-11,6.22,6.45,6.14,6.36,742872
7-Nov-11,6.15,6.17,6.01,6.17,258500
4-Nov-11,6.15,6.22,5.97,6.16,323464
3-Nov-11,6.17,6.24,5.94,6.23,380489
2-Nov-11,6.07,6.12,5.90,6.04,470833
1-Nov-11,5.90,6.09,5.67,5.90,982629
31-Oct-11,6.38,6.38,6.08,6.08,354365
28-Oct-11,6.48,6.50,6.27,6.46,356556
27-Oct-11,6.56,6.70,6.38,6.44,496639
26-Oct-11,6.23,6.36,6.05,6.25,397793
25-Oct-11,6.31,6.45,6.10,6.20,589192
24-Oct-11,6.12,6.34,6.09,6.32,448607
21-Oct-11,6.10,6.20,5.96,6.13,619401
20-Oct-11,6.02,6.09,5.80,5.97,622839
19-Oct-11,6.16,6.26,5.87,6.01,810959
18-Oct-11,5.78,6.20,5.66,6.18,1013555
17-Oct-11,5.95,6.00,5.66,5.78,581129
14-Oct-11,5.82,6.03,5.80,6.00,677306
13-Oct-11,5.63,5.71,5.43,5.69,580513
12-Oct-11,5.34,5.83,5.32,5.68,1378531
11-Oct-11,5.03,5.29,4.96,5.19,740687
10-Oct-11,4.93,5.09,4.91,5.02,257044
7-Oct-11,5.01,5.04,4.78,4.79,412738
6-Oct-11,4.67,5.05,4.57,4.92,1080768
5-Oct-11,4.62,4.83,4.50,4.77,1000123
4-Oct-11,4.32,4.70,4.20,4.70,1051278
3-Oct-11,4.68,4.71,4.31,4.42,1317090
30-Sep-11,4.65,4.82,4.63,4.77,871724
29-Sep-11,4.91,5.00,4.63,4.68,1158456
28-Sep-11,5.15,5.24,4.81,4.83,731200
27-Sep-11,5.18,5.41,5.16,5.20,589177
26-Sep-11,5.07,5.10,4.79,5.06,978682
23-Sep-11,5.09,5.17,4.99,5.00,502193
22-Sep-11,5.21,5.40,5.04,5.09,1002912
21-Sep-11,5.83,5.92,5.53,5.57,541637
20-Sep-11,6.00,6.02,5.87,5.87,404092
19-Sep-11,6.06,6.18,5.91,6.00,472269
16-Sep-11,6.16,6.24,6.01,6.20,528266
15-Sep-11,6.15,6.22,6.03,6.14,340361
14-Sep-11,6.05,6.16,5.94,5.99,557011
13-Sep-11,5.88,5.93,5.75,5.87,438347
12-Sep-11,5.82,5.91,5.66,5.80,660192
9-Sep-11,5.99,6.14,5.85,5.85,666961
8-Sep-11,6.23,6.30,6.09,6.15,388697
7-Sep-11,6.25,6.46,6.21,6.26,729189
6-Sep-11,5.89,6.20,5.89,6.16,746575
2-Sep-11,6.19,6.31,6.11,6.18,524050
1-Sep-11,6.31,6.46,6.27,6.40,683815
31-Aug-11,6.45,6.58,6.24,6.24,1826522
30-Aug-11,6.16,6.46,6.13,6.39,977046
29-Aug-11,5.92,6.24,5.90,6.23,578711
26-Aug-11,5.60,5.87,5.47,5.84,579188
25-Aug-11,5.88,5.97,5.61,5.67,629759
24-Aug-11,5.79,5.87,5.65,5.83,414129
23-Aug-11,5.61,5.81,5.54,5.80,529257
22-Aug-11,5.68,5.73,5.47,5.58,759284
19-Aug-11,5.59,5.82,5.42,5.47,548979
18-Aug-11,5.67,5.73,5.53,5.67,668875
17-Aug-11,5.85,6.00,5.78,5.95,628435
16-Aug-11,5.92,5.97,5.71,5.77,688501
15-Aug-11,5.83,6.11,5.82,6.01,633176
12-Aug-11,5.86,5.95,5.66,5.75,574432
11-Aug-11,5.65,5.85,5.43,5.79,1311891
10-Aug-11,5.33,5.70,5.25,5.60,1767234
9-Aug-11,5.48,5.71,5.04,5.45,1595183
8-Aug-11,6.06,5.88,5.29,5.35,2450380
5-Aug-11,6.21,6.35,5.81,6.10,1299070
4-Aug-11,6.69,6.71,6.23,6.24,990374
3-Aug-11,6.94,6.95,6.66,6.83,1353031
2-Aug-11,6.90,7.01,6.88,6.88,808111
1-Aug-11,6.83,7.15,6.83,6.95,388961
29-Jul-11,6.93,6.99,6.75,6.95,583297
28-Jul-11,7.02,7.17,6.88,7.00,502747
27-Jul-11,7.13,7.18,6.91,6.97,740983
26-Jul-11,7.01,7.23,7.01,7.18,629513
25-Jul-11,7.12,7.26,7.05,7.09,537889
22-Jul-11,7.08,7.27,7.06,7.20,1034909
21-Jul-11,6.80,7.12,6.78,7.12,1686150
20-Jul-11,6.63,6.82,6.60,6.75,829475
19-Jul-11,6.46,6.69,6.46,6.60,838691
18-Jul-11,6.45,6.46,6.33,6.41,443894
15-Jul-11,6.48,6.56,6.44,6.53,451879
14-Jul-11,6.61,6.63,6.37,6.40,680156
13-Jul-11,6.49,6.67,6.45,6.56,815215
12-Jul-11,6.33,6.42,6.00,6.42,1952044
11-Jul-11,6.60,6.61,6.31,6.37,715903
8-Jul-11,6.59,6.70,6.53,6.70,500535
7-Jul-11,6.75,6.84,6.69,6.70,557869
6-Jul-11,6.81,6.83,6.63,6.70,493639
5-Jul-11,6.82,6.99,6.76,6.84,700219
1-Jul-11,6.52,6.82,6.48,6.68,675727
30-Jun-11,6.49,6.67,6.44,6.61,902657
29-Jun-11,6.20,6.54,6.14,6.50,2452386
28-Jun-11,6.10,6.21,6.09,6.16,1389048
27-Jun-11,6.20,6.27,6.05,6.10,955483
24-Jun-11,6.37,6.38,6.19,6.22,399230
23-Jun-11,6.35,6.40,6.21,6.34,853487
22-Jun-11,6.51,6.70,6.45,6.53,683962
21-Jun-11,6.40,6.56,6.40,6.55,1009334
20-Jun-11,6.22,6.35,6.22,6.35,648481
17-Jun-11,6.31,6.36,6.24,6.25,833544
16-Jun-11,6.35,6.36,6.21,6.34,702449
15-Jun-11,6.42,6.46,6.25,6.26,736460
14-Jun-11,6.41,6.49,6.37,6.47,493682
13-Jun-11,6.53,6.56,6.15,6.30,1226133
10-Jun-11,6.41,6.58,6.37,6.51,884668
9-Jun-11,6.54,6.56,6.43,6.46,608071
8-Jun-11,6.43,6.59,6.42,6.44,626365
7-Jun-11,6.58,6.66,6.43,6.44,1516951
6-Jun-11,6.69,6.81,6.53,6.63,1102024
3-Jun-11,6.81,6.92,6.70,6.80,741401
2-Jun-11,7.00,7.10,6.90,6.96,635007
1-Jun-11,7.15,7.20,6.97,6.98,817492
31-May-11,7.16,7.31,7.02,7.16,2324997
27-May-11,6.96,7.14,6.95,7.05,633071
26-May-11,7.02,7.04,6.90,6.94,1258036
25-May-11,7.02,7.09,6.98,7.02,886023
24-May-11,7.02,7.11,6.96,7.05,660687
23-May-11,7.02,7.10,6.93,6.96,597559
20-May-11,7.24,7.27,7.08,7.16,1025177
19-May-11,7.43,7.43,7.20,7.27,1375848
18-May-11,7.30,7.39,7.19,7.38,1070872
17-May-11,7.19,7.37,7.14,7.27,1329184
16-May-11,7.22,7.34,7.18,7.29,1892215
13-May-11,7.37,7.46,7.23,7.28,1581530
12-May-11,7.39,7.51,7.20,7.40,3386286
11-May-11,7.58,7.65,7.41,7.49,2796293
10-May-11,7.01,7.55,7.00,7.52,1804919
9-May-11,7.00,7.14,6.96,7.14,1282867
6-May-11,7.05,7.12,6.87,6.99,1936847
5-May-11,6.99,7.08,6.91,6.95,652072
4-May-11,7.16,7.19,6.91,7.12,957648
3-May-11,7.30,7.32,7.14,7.18,944816
2-May-11,7.40,7.49,7.28,7.38,584702
29-Apr-11,7.37,7.47,7.34,7.42,622395
28-Apr-11,7.53,7.54,7.35,7.38,676794
27-Apr-11,7.60,7.60,7.32,7.54,737221
26-Apr-11,7.70,7.70,7.50,7.53,742056
25-Apr-11,7.38,7.67,7.30,7.63,1416191
21-Apr-11,7.45,7.45,7.20,7.38,570744
20-Apr-11,7.32,7.50,7.28,7.41,1969728
19-Apr-11,7.27,7.41,7.09,7.17,1195962
18-Apr-11,7.25,7.27,7.10,7.23,1105368
15-Apr-11,7.12,7.52,7.11,7.36,1505122
14-Apr-11,7.18,7.21,7.09,7.21,1137918
13-Apr-11,7.29,7.30,6.86,7.15,2327035
12-Apr-11,7.43,7.56,7.01,7.15,2591411
11-Apr-11,7.97,7.97,7.47,7.56,1302194
8-Apr-11,7.93,8.11,7.91,7.98,857592
7-Apr-11,7.91,8.08,7.83,7.96,1328362
6-Apr-11,7.89,8.00,7.62,7.80,2361997
5-Apr-11,7.98,8.07,7.95,8.07,705608
4-Apr-11,8.20,8.20,8.00,8.05,962364
1-Apr-11,8.21,8.26,8.10,8.17,763389
31-Mar-11,8.09,8.21,8.07,8.07,1660799
30-Mar-11,8.17,8.22,8.04,8.09,2043826
29-Mar-11,7.99,8.04,7.95,8.00,1738851
28-Mar-11,8.00,8.20,7.94,8.04,1741873
25-Mar-11,8.01,8.07,7.91,7.91,1428006
24-Mar-11,8.19,8.26,8.00,8.00,1233515
23-Mar-11,8.14,8.24,7.97,8.12,1208735
22-Mar-11,8.28,8.34,8.05,8.14,1157766
21-Mar-11,7.99,8.46,7.90,8.26,1572061
18-Mar-11,8.06,8.06,7.72,7.82,982692
17-Mar-11,7.97,8.14,7.88,7.89,1219888
16-Mar-11,7.83,8.02,7.57,7.75,1301212
15-Mar-11,7.46,7.85,7.20,7.75,2344141
14-Mar-11,7.91,7.99,7.71,7.84,1456936
11-Mar-11,7.92,8.13,7.84,8.05,1505463
10-Mar-11,8.23,8.25,8.08,8.11,972563
9-Mar-11,8.36,8.48,8.09,8.34,1751614
8-Mar-11,8.54,8.64,8.38,8.43,1761623
7-Mar-11,9.22,9.22,8.38,8.77,4895574
4-Mar-11,9.52,9.52,9.35,9.50,647742
3-Mar-11,9.60,9.60,9.30,9.40,851174
2-Mar-11,9.64,9.64,9.39,9.54,797570
1-Mar-11,9.36,9.57,9.18,9.53,1327885
28-Feb-11,9.25,9.30,9.06,9.28,1204767
25-Feb-11,8.86,9.15,8.86,9.12,1207384
24-Feb-11,8.88,8.99,8.79,8.98,660965
23-Feb-11,8.76,8.88,8.65,8.83,592777
22-Feb-11,8.96,8.96,8.65,8.78,712667
18-Feb-11,8.79,8.92,8.76,8.92,742769
17-Feb-11,8.95,9.03,8.73,8.80,1125324
16-Feb-11,8.80,9.06,8.68,9.00,953273
15-Feb-11,8.91,8.93,8.62,8.73,681214
14-Feb-11,8.93,8.97,8.85,8.94,494872
11-Feb-11,8.85,8.94,8.76,8.93,603536
10-Feb-11,8.79,8.87,8.71,8.87,922737
9-Feb-11,9.01,9.01,8.73,8.89,1032097
8-Feb-11,9.30,9.34,8.84,8.90,1185692
7-Feb-11,9.05,9.33,9.05,9.30,1199496
4-Feb-11,8.75,9.15,8.69,9.00,1272438
3-Feb-11,8.83,8.87,8.66,8.67,506611
2-Feb-11,8.97,9.01,8.79,8.85,759401
1-Feb-11,9.08,9.19,8.81,9.00,2114178
31-Jan-11,8.58,9.03,8.56,9.03,1919168
28-Jan-11,8.33,8.55,8.27,8.55,729612
27-Jan-11,8.51,8.51,8.28,8.35,429457
26-Jan-11,8.20,8.49,8.19,8.49,438081
25-Jan-11,8.14,8.30,8.10,8.20,601929
24-Jan-11,8.20,8.31,8.13,8.17,632372
21-Jan-11,8.26,8.32,8.18,8.19,276771
20-Jan-11,8.38,8.38,8.17,8.23,724163
19-Jan-11,8.40,8.45,8.30,8.40,913835
18-Jan-11,8.45,8.45,8.12,8.44,1575953
14-Jan-11,8.36,8.47,8.33,8.47,311111
13-Jan-11,8.55,8.61,8.40,8.48,650337
12-Jan-11,8.64,8.70,8.47,8.55,604253
11-Jan-11,8.26,8.60,8.22,8.52,1137726
10-Jan-11,8.04,8.22,8.00,8.22,476608
7-Jan-11,7.98,8.12,7.97,8.09,317917
6-Jan-11,8.07,8.16,7.98,7.98,625850
5-Jan-11,8.05,8.21,8.02,8.07,719453
4-Jan-11,8.23,8.24,7.88,8.12,670048
3-Jan-11,8.17,8.26,8.12,8.18,421012
31-Dec-10,7.99,8.13,7.99,8.05,376235
30-Dec-10,8.11,8.14,7.94,7.94,511008
29-Dec-10,7.99,8.16,7.96,8.09,314461
28-Dec-10,8.00,8.02,7.85,7.92,246577
27-Dec-10,7.93,8.05,7.89,7.97,264645
23-Dec-10,7.89,8.05,7.85,8.03,343833
22-Dec-10,8.16,8.16,7.90,7.92,655760
21-Dec-10,7.86,8.10,7.80,8.04,642575
20-Dec-10,7.88,7.92,7.78,7.82,810547
17-Dec-10,8.00,8.12,7.90,7.90,899917
16-Dec-10,8.02,8.11,7.84,8.04,767293
15-Dec-10,8.21,8.31,8.01,8.01,760698
14-Dec-10,8.55,8.55,8.20,8.31,1119151
13-Dec-10,8.50,8.58,8.39,8.39,719710
10-Dec-10,8.24,8.46,8.18,8.38,913911
9-Dec-10,7.98,8.27,7.91,8.22,1685384
8-Dec-10,7.95,8.06,7.84,7.89,662049
7-Dec-10,7.90,8.10,7.90,7.97,1327448
6-Dec-10,7.78,7.90,7.77,7.90,536126
3-Dec-10,7.62,7.85,7.62,7.85,789071
2-Dec-10,7.56,7.77,7.56,7.72,535550
1-Dec-10,7.49,7.70,7.39,7.54,801211
30-Nov-10,7.49,7.53,7.35,7.47,1074560
29-Nov-10,7.37,7.66,7.32,7.54,2020545
26-Nov-10,7.52,7.60,7.35,7.52,346111
24-Nov-10,7.66,7.75,7.55,7.60,759155
23-Nov-10,7.59,7.63,7.49,7.63,557351
22-Nov-10,7.60,7.73,7.52,7.67,980989
19-Nov-10,7.58,7.64,7.48,7.53,918690
18-Nov-10,7.76,7.80,7.59,7.59,545655
17-Nov-10,7.67,7.74,7.58,7.61,529977
16-Nov-10,7.75,7.78,7.48,7.64,1691188
15-Nov-10,7.68,8.09,7.65,7.85,3310189
12-Nov-10,7.54,7.74,7.47,7.65,1279623
11-Nov-10,7.74,7.85,7.66,7.83,734349
10-Nov-10,7.46,7.86,7.44,7.86,1440847
9-Nov-10,7.46,7.64,7.35,7.42,1719103
8-Nov-10,7.51,7.51,7.31,7.49,726218
5-Nov-10,7.65,7.70,7.44,7.46,1040366
4-Nov-10,7.72,7.94,7.66,7.74,608129
3-Nov-10,7.67,7.72,7.45,7.59,998370
2-Nov-10,7.47,7.64,7.24,7.64,914050
1-Nov-10,7.49,7.62,7.28,7.43,823922
29-Oct-10,7.66,7.66,7.42,7.46,684432
28-Oct-10,7.82,7.82,7.55,7.64,622458
27-Oct-10,7.67,7.86,7.62,7.86,612375
26-Oct-10,7.63,7.92,7.63,7.83,1022745
25-Oct-10,7.66,7.77,7.60,7.66,1074341
22-Oct-10,7.38,7.52,7.36,7.40,306779
21-Oct-10,7.35,7.70,7.34,7.40,1649603
20-Oct-10,7.24,7.42,7.23,7.35,703770
19-Oct-10,7.42,7.45,7.07,7.23,1271720
18-Oct-10,7.63,7.68,7.56,7.64,626624
15-Oct-10,7.72,7.95,7.56,7.58,1175328
14-Oct-10,7.84,7.84,7.52,7.65,742097
13-Oct-10,7.61,7.80,7.60,7.79,725234
12-Oct-10,7.48,7.52,7.29,7.49,839418
11-Oct-10,7.45,7.60,7.45,7.47,446618
8-Oct-10,7.47,7.85,7.47,7.48,2665677
7-Oct-10,7.60,7.60,7.25,7.34,607685
6-Oct-10,7.44,7.62,7.44,7.55,756480
5-Oct-10,7.56,7.62,7.48,7.48,799829
4-Oct-10,7.70,7.70,7.39,7.54,785720
1-Oct-10,7.81,7.87,7.46,7.76,1403553
30-Sep-10,7.09,7.72,7.09,7.72,2670393
29-Sep-10,6.98,7.05,6.93,7.02,896938
28-Sep-10,6.92,7.00,6.86,6.94,486538
27-Sep-10,7.06,7.06,6.91,6.91,708362
24-Sep-10,6.98,7.08,6.96,7.03,621673
23-Sep-10,6.97,7.06,6.88,6.89,795209
22-Sep-10,6.91,7.04,6.91,7.04,908654
21-Sep-10,7.09,7.09,6.85,6.91,1672515
20-Sep-10,6.86,7.10,6.85,7.10,1408018
17-Sep-10,6.64,6.83,6.62,6.83,731643
16-Sep-10,6.63,6.68,6.53,6.68,715508
15-Sep-10,6.64,6.74,6.62,6.63,355525
14-Sep-10,6.72,6.85,6.68,6.74,424434
13-Sep-10,6.75,6.78,6.68,6.73,358745
10-Sep-10,6.68,6.70,6.61,6.69,295035
9-Sep-10,6.68,6.78,6.59,6.62,517477
8-Sep-10,6.72,6.82,6.57,6.57,816339
7-Sep-10,6.86,6.86,6.65,6.70,1029403
3-Sep-10,6.82,7.00,6.73,6.87,1673944
2-Sep-10,6.59,6.77,6.59,6.69,733770
1-Sep-10,6.35,6.78,6.35,6.59,1985532
31-Aug-10,6.25,6.30,6.19,6.30,2149548
30-Aug-10,6.17,6.33,6.16,6.28,1606201
27-Aug-10,5.91,6.25,5.80,6.17,1127601
26-Aug-10,6.18,6.25,5.89,5.89,1381966
25-Aug-10,5.94,6.07,5.73,5.99,1055797
24-Aug-10,5.85,5.98,5.77,5.92,820781
23-Aug-10,5.95,6.00,5.92,6.00,361935
20-Aug-10,5.92,5.96,5.85,5.90,381677
19-Aug-10,5.95,6.03,5.95,5.98,783535
18-Aug-10,5.95,6.02,5.94,5.96,889742
17-Aug-10,6.06,6.06,5.90,5.95,594348
16-Aug-10,5.90,5.95,5.82,5.95,431187
13-Aug-10,5.99,5.99,5.90,5.95,312351
12-Aug-10,5.81,5.99,5.68,5.97,753505
11-Aug-10,5.80,5.97,5.64,5.95,1149528
10-Aug-10,5.91,6.09,5.91,6.03,962294
9-Aug-10,6.19,6.22,6.06,6.10,288411
6-Aug-10,6.01,6.17,5.97,6.17,814097
5-Aug-10,6.13,6.18,6.04,6.13,672363
4-Aug-10,5.99,6.18,5.95,6.12,1519641
3-Aug-10,5.78,6.01,5.78,5.88,1768802
2-Aug-10,5.66,5.86,5.48,5.86,608192
30-Jul-10,5.60,5.69,5.56,5.58,263835
29-Jul-10,5.65,5.84,5.58,5.65,504583
28-Jul-10,5.62,5.71,5.55,5.63,587070
27-Jul-10,5.73,5.80,5.65,5.66,505619
26-Jul-10,5.70,5.86,5.69,5.75,599483
23-Jul-10,5.72,5.82,5.60,5.80,713747
22-Jul-10,5.36,5.80,5.35,5.79,2025249
21-Jul-10,5.35,5.42,5.27,5.29,943508
20-Jul-10,5.11,5.34,5.11,5.34,814412
19-Jul-10,5.31,5.33,5.13,5.19,483480
16-Jul-10,5.30,5.33,5.17,5.27,548121
15-Jul-10,5.30,5.42,5.25,5.36,815907
14-Jul-10,5.22,5.41,5.19,5.26,1461439
13-Jul-10,5.24,5.31,5.16,5.24,1360167
12-Jul-10,5.21,5.25,4.99,5.18,1264252
9-Jul-10,5.26,5.27,5.18,5.22,801797
8-Jul-10,5.20,5.27,5.09,5.20,1024446
7-Jul-10,5.09,5.20,5.06,5.20,1002981
6-Jul-10,5.20,5.22,4.99,5.09,836681
2-Jul-10,5.06,5.19,5.04,5.14,1012369
1-Jul-10,4.95,5.12,4.87,5.06,1404097
30-Jun-10,5.08,5.21,4.96,4.96,2254303
29-Jun-10,4.99,5.19,4.84,5.06,2339853
28-Jun-10,5.27,5.39,5.08,5.08,2896116
25-Jun-10,5.07,5.42,5.07,5.14,24676721
24-Jun-10,5.14,5.16,4.96,5.07,1819960
23-Jun-10,5.14,5.21,5.04,5.07,1594512
22-Jun-10,5.34,5.42,5.15,5.19,1420872
21-Jun-10,5.40,5.55,5.25,5.29,1221209
18-Jun-10,5.26,5.38,5.22,5.33,1456612
17-Jun-10,5.20,5.31,5.18,5.22,865318
16-Jun-10,5.23,5.30,5.14,5.23,1003615
15-Jun-10,5.03,5.29,5.01,5.24,1593809
14-Jun-10,5.10,5.11,4.95,4.98,1712131
11-Jun-10,5.01,5.03,4.92,5.01,1299704
10-Jun-10,5.18,5.20,4.95,5.04,1464592
9-Jun-10,5.15,5.18,4.93,4.99,1642261
8-Jun-10,5.13,5.23,4.99,5.07,1614952
7-Jun-10,5.20,5.41,5.08,5.09,1491113
4-Jun-10,5.19,5.35,5.01,5.04,1448775
3-Jun-10,5.30,5.45,5.18,5.43,1235454
2-Jun-10,5.06,5.34,5.01,5.34,1722025
1-Jun-10,5.20,5.37,5.00,5.00,1220615
28-May-10,5.41,5.45,5.19,5.28,1571824
27-May-10,5.29,5.42,5.25,5.40,1754523
26-May-10,5.01,5.17,4.98,5.09,2397889
25-May-10,4.55,4.90,4.52,4.87,1524384
24-May-10,4.91,4.95,4.68,4.70,1022505
21-May-10,4.57,4.95,4.57,4.89,2039199
20-May-10,4.79,4.88,4.62,4.78,2330953
19-May-10,4.99,5.11,4.78,5.06,2552770
18-May-10,5.34,5.42,5.10,5.12,1611261
17-May-10,5.40,5.49,4.89,5.18,2038455
14-May-10,5.60,5.61,5.31,5.44,1268978
13-May-10,5.77,5.77,5.60,5.65,1296286
12-May-10,5.44,5.88,5.44,5.83,1411392
11-May-10,5.44,5.46,5.25,5.42,1253685
10-May-10,5.65,5.72,5.40,5.52,1431896
7-May-10,5.20,5.45,4.98,5.14,1507767
6-May-10,5.68,5.72,4.93,5.36,2055127
5-May-10,5.83,5.95,5.62,5.69,1482429
4-May-10,6.20,6.22,5.96,6.02,1291825
3-May-10,6.16,6.32,6.05,6.29,774248
30-Apr-10,6.14,6.36,6.06,6.06,1140017
29-Apr-10,6.20,6.33,6.19,6.26,976128
28-Apr-10,6.05,6.17,5.96,6.13,888900
27-Apr-10,6.23,6.28,5.98,6.00,858996
26-Apr-10,6.34,6.38,6.21,6.22,896483
23-Apr-10,6.26,6.34,6.17,6.34,1026951
22-Apr-10,6.18,6.30,6.07,6.30,888211
21-Apr-10,6.28,6.38,6.20,6.24,843437
20-Apr-10,6.19,6.50,6.19,6.32,1010531
19-Apr-10,6.20,6.27,6.05,6.20,1617576
16-Apr-10,6.64,6.65,6.20,6.27,1737428
15-Apr-10,6.40,6.75,6.36,6.64,1902534
14-Apr-10,6.10,6.49,6.10,6.46,2350098
13-Apr-10,5.98,6.12,5.94,6.12,825271
12-Apr-10,6.00,6.06,5.96,6.04,972340
9-Apr-10,6.10,6.10,5.94,5.96,1187172
8-Apr-10,6.09,6.13,5.92,6.06,973836
7-Apr-10,6.25,6.35,6.14,6.18,1167407
6-Apr-10,6.30,6.38,6.21,6.23,1538311
5-Apr-10,6.02,6.30,6.00,6.30,1656899
1-Apr-10,5.90,6.02,5.89,5.98,1072070
31-Mar-10,5.94,5.99,5.90,5.90,1106106
30-Mar-10,5.92,6.01,5.88,5.91,1540738
29-Mar-10,5.86,5.93,5.86,5.92,836137
26-Mar-10,5.72,5.86,5.67,5.84,873054
25-Mar-10,5.72,5.85,5.68,5.71,1028810
24-Mar-10,5.66,5.73,5.57,5.68,758245
23-Mar-10,5.40,5.79,5.38,5.75,1161221
22-Mar-10,5.54,5.55,5.32,5.44,1306484
19-Mar-10,5.80,5.80,5.48,5.59,1853110
18-Mar-10,5.94,5.96,5.81,5.86,796523
17-Mar-10,5.84,5.99,5.79,5.97,1401377
16-Mar-10,5.82,5.95,5.73,5.79,1163263
15-Mar-10,6.04,6.04,5.72,5.84,905287
12-Mar-10,5.95,5.97,5.89,5.95,695704
11-Mar-10,5.84,5.98,5.77,5.90,1169667
10-Mar-10,5.87,5.99,5.86,5.95,1123513
9-Mar-10,5.85,5.98,5.81,5.90,694029
8-Mar-10,5.89,6.05,5.89,5.93,909330
5-Mar-10,5.94,6.00,5.88,5.99,1348181
4-Mar-10,5.83,5.91,5.71,5.89,736341
3-Mar-10,5.93,5.97,5.85,5.90,1164125
2-Mar-10,5.90,6.15,5.90,5.92,1995902
1-Mar-10,5.55,5.91,5.54,5.90,2203476
26-Feb-10,5.54,5.57,5.44,5.49,1377724
25-Feb-10,5.35,5.51,5.26,5.51,914780
24-Feb-10,5.25,5.52,5.22,5.49,1283757
23-Feb-10,5.39,5.50,5.20,5.22,878967
22-Feb-10,5.53,5.55,5.43,5.47,1592687
19-Feb-10,5.25,5.45,5.23,5.41,690795
18-Feb-10,5.23,5.39,5.23,5.33,821407
17-Feb-10,5.61,5.62,5.32,5.32,1238243
16-Feb-10,5.42,5.64,5.42,5.60,1148690
12-Feb-10,5.32,5.47,5.23,5.37,1461984
11-Feb-10,5.10,5.43,5.00,5.37,1269722
10-Feb-10,5.04,5.12,4.94,5.10,1002136
9-Feb-10,5.00,5.13,4.99,5.05,882692
8-Feb-10,4.84,5.08,4.76,4.93,1143876
5-Feb-10,4.70,4.81,4.59,4.80,2131693
4-Feb-10,4.82,4.85,4.58,4.68,1694340
3-Feb-10,4.86,4.93,4.84,4.85,579999
2-Feb-10,4.92,4.94,4.85,4.90,745102
1-Feb-10,4.93,4.97,4.82,4.92,717661
29-Jan-10,4.86,5.07,4.86,4.89,1731443
28-Jan-10,5.00,5.09,4.80,4.85,1184110
27-Jan-10,5.00,5.02,4.85,4.97,1148335
26-Jan-10,5.06,5.08,4.94,4.98,1287475
25-Jan-10,4.92,5.14,4.81,5.10,1395397
22-Jan-10,4.85,4.98,4.70,4.88,1627945
21-Jan-10,5.11,5.16,4.84,4.89,1764782
20-Jan-10,5.16,5.17,5.04,5.09,876983
19-Jan-10,5.13,5.29,5.10,5.23,1354803
15-Jan-10,5.34,5.34,5.06,5.12,1549010
14-Jan-10,5.36,5.44,5.22,5.29,1755453
13-Jan-10,5.42,5.44,5.32,5.39,1066218
12-Jan-10,5.50,5.65,5.36,5.42,1391718
11-Jan-10,5.59,5.65,5.38,5.53,1789580
8-Jan-10,5.60,5.67,5.56,5.58,1738174
7-Jan-10,5.61,5.70,5.52,5.60,1117025
6-Jan-10,5.65,5.74,5.35,5.58,4864929
5-Jan-10,6.11,6.13,5.99,6.02,1396959
4-Jan-10,5.82,6.08,5.82,6.08,1502624
31-Dec-09,5.75,5.79,5.70,5.73,810959
30-Dec-09,5.82,5.82,5.70,5.77,886872
29-Dec-09,5.88,5.90,5.79,5.82,750463
28-Dec-09,5.70,5.94,5.70,5.94,451557
24-Dec-09,5.75,5.80,5.70,5.75,488324
23-Dec-09,5.80,5.82,5.72,5.75,778297
22-Dec-09,5.81,5.85,5.69,5.74,1079642
21-Dec-09,5.88,5.94,5.80,5.80,1534175
18-Dec-09,5.82,5.92,5.74,5.86,2651318
17-Dec-09,5.78,5.88,5.68,5.85,1732119
16-Dec-09,6.15,6.15,5.75,5.89,1930970
15-Dec-09,5.92,6.16,5.92,6.00,2496670
14-Dec-09,5.78,5.98,5.68,5.97,2069297
11-Dec-09,5.73,5.74,5.58,5.68,877828
10-Dec-09,5.78,5.78,5.64,5.69,1130008
9-Dec-09,5.72,5.81,5.62,5.62,1326646
8-Dec-09,5.79,5.87,5.70,5.72,1423151
7-Dec-09,5.96,6.03,5.78,5.94,1186205
4-Dec-09,5.79,5.99,5.74,5.99,3181175
3-Dec-09,5.91,5.96,5.67,5.69,1354834
2-Dec-09,5.94,6.15,5.90,5.92,2379403
1-Dec-09,5.79,6.02,5.77,5.99,3008359
30-Nov-09,5.68,5.75,5.52,5.71,7332087
27-Nov-09,5.67,5.81,5.23,5.68,1322263
25-Nov-09,5.71,5.85,5.65,5.83,1874981
24-Nov-09,5.80,5.80,5.65,5.75,1169821
23-Nov-09,5.64,5.85,5.59,5.77,2334154
20-Nov-09,5.65,5.73,5.45,5.60,2574598
19-Nov-09,5.71,5.77,5.53,5.72,2357452
18-Nov-09,5.57,5.90,5.54,5.74,3404746
17-Nov-09,5.49,5.57,5.34,5.49,1495148
16-Nov-09,5.30,5.49,5.30,5.41,1597728
13-Nov-09,5.33,5.50,5.25,5.41,1176861
12-Nov-09,5.43,5.57,5.32,5.35,1767668
11-Nov-09,5.20,5.45,5.16,5.43,2281833
10-Nov-09,5.10,5.19,5.06,5.14,1109827
9-Nov-09,5.00,5.23,4.98,5.12,1526641
6-Nov-09,4.96,5.05,4.78,4.81,1077011
5-Nov-09,4.98,5.04,4.85,5.02,1176225
4-Nov-09,4.97,5.17,4.89,4.91,1368397
3-Nov-09,4.81,4.93,4.72,4.92,938567
2-Nov-09,4.77,5.02,4.75,4.88,1181581
30-Oct-09,5.10,5.10,4.65,4.76,1923754
29-Oct-09,5.02,5.25,5.02,5.14,1741830
28-Oct-09,5.10,5.31,5.01,5.02,1941750
27-Oct-09,5.17,5.32,5.06,5.25,1749335
26-Oct-09,5.38,5.49,5.12,5.17,2209386
23-Oct-09,5.41,5.47,5.25,5.34,2739063
22-Oct-09,5.02,5.47,4.93,5.37,2605567
21-Oct-09,4.82,5.20,4.81,5.05,3207181
20-Oct-09,4.92,4.92,4.70,4.86,861913
19-Oct-09,4.80,4.96,4.73,4.90,803256
16-Oct-09,4.77,4.82,4.72,4.79,806691
15-Oct-09,4.82,4.92,4.76,4.83,1293421
14-Oct-09,4.72,5.00,4.67,4.89,4009366
13-Oct-09,4.32,4.67,4.32,4.62,2185569
12-Oct-09,4.41,4.46,4.25,4.31,609921
9-Oct-09,4.27,4.40,4.27,4.39,875397
8-Oct-09,4.29,4.39,4.26,4.34,1554167
7-Oct-09,4.30,4.32,4.20,4.23,676090
6-Oct-09,4.25,4.40,4.17,4.34,1756765
5-Oct-09,4.15,4.20,3.95,4.18,992512
2-Oct-09,3.87,4.14,3.79,4.13,1481395
1-Oct-09,4.14,4.26,3.98,3.99,929926
30-Sep-09,4.09,4.28,4.09,4.16,1136717
29-Sep-09,4.03,4.20,4.02,4.19,1169539
28-Sep-09,4.13,4.20,4.05,4.20,1149313
25-Sep-09,4.01,4.20,4.01,4.09,825059
24-Sep-09,4.27,4.27,4.04,4.18,827557
23-Sep-09,4.28,4.32,4.22,4.23,1399454
22-Sep-09,4.17,4.36,4.17,4.25,2493563
21-Sep-09,4.35,4.35,3.93,4.13,1659421
18-Sep-09,4.16,4.34,4.16,4.25,2323291
17-Sep-09,4.20,4.27,4.07,4.26,1572915
16-Sep-09,4.06,4.20,4.06,4.20,1402322
15-Sep-09,3.97,4.09,3.96,4.05,1284830
14-Sep-09,4.00,4.02,3.96,3.97,400224
11-Sep-09,4.10,4.16,4.03,4.05,1544010
10-Sep-09,3.90,4.09,3.81,4.07,1118401
9-Sep-09,3.91,3.99,3.83,3.92,1828976
8-Sep-09,4.10,4.12,3.91,3.95,888348
4-Sep-09,3.88,3.99,3.79,3.98,897389
3-Sep-09,3.86,3.90,3.78,3.87,1239416
2-Sep-09,3.84,3.93,3.75,3.84,1148611
1-Sep-09,3.95,4.05,3.84,3.87,1493634
31-Aug-09,3.95,4.03,3.87,4.00,1938689
28-Aug-09,4.17,4.22,4.01,4.15,2376505
27-Aug-09,4.13,4.20,4.04,4.16,1695184
26-Aug-09,4.03,4.17,4.00,4.13,2985816
25-Aug-09,4.10,4.15,3.99,4.05,1659986
24-Aug-09,4.09,4.16,3.96,4.07,2498080
21-Aug-09,3.91,4.08,3.89,4.00,2325804
20-Aug-09,3.93,3.95,3.80,3.89,1066804
19-Aug-09,3.79,3.93,3.66,3.93,1057857
18-Aug-09,3.66,3.79,3.66,3.75,884535
17-Aug-09,3.66,3.68,3.59,3.66,853985
14-Aug-09,3.90,3.91,3.68,3.76,926713
13-Aug-09,3.84,3.97,3.82,3.90,1812984
12-Aug-09,3.62,3.88,3.62,3.85,1106650
11-Aug-09,3.69,3.70,3.61,3.63,1099500
10-Aug-09,3.65,3.82,3.64,3.76,1518307
7-Aug-09,3.83,3.93,3.73,3.86,1656910
6-Aug-09,3.84,3.84,3.72,3.79,844365
5-Aug-09,3.78,3.84,3.70,3.83,1419545
4-Aug-09,3.83,3.94,3.82,3.85,842972
3-Aug-09,3.78,3.90,3.78,3.87,1052383
31-Jul-09,3.63,3.75,3.63,3.71,1040422
30-Jul-09,3.52,3.70,3.51,3.65,949063
29-Jul-09,3.64,3.65,3.45,3.48,847611
28-Jul-09,3.74,3.75,3.60,3.69,1354190
27-Jul-09,3.72,3.85,3.72,3.79,835435
24-Jul-09,3.82,3.89,3.76,3.82,798477
23-Jul-09,3.76,3.86,3.69,3.84,1617571
22-Jul-09,3.75,3.89,3.68,3.73,878227
21-Jul-09,3.99,3.99,3.63,3.83,1416520
20-Jul-09,3.83,3.98,3.80,3.85,1750893
17-Jul-09,3.62,3.75,3.55,3.74,1410105
16-Jul-09,3.56,3.62,3.42,3.62,1560347
15-Jul-09,3.37,3.61,3.37,3.58,2071321
14-Jul-09,3.31,3.46,3.31,3.35,1311248
13-Jul-09,3.06,3.30,3.01,3.30,1586019
10-Jul-09,3.00,3.10,2.92,3.05,759644
9-Jul-09,2.95,3.15,2.92,2.98,1154851
8-Jul-09,2.96,3.08,2.86,2.92,1765181
7-Jul-09,3.15,3.17,3.01,3.02,1028820
6-Jul-09,3.25,3.25,3.04,3.14,1728358
2-Jul-09,3.43,3.52,3.37,3.41,1808540
1-Jul-09,3.41,3.55,3.41,3.44,870494
30-Jun-09,3.47,3.61,3.40,3.45,1639682
29-Jun-09,3.50,3.50,3.37,3.46,1666882
26-Jun-09,3.23,3.50,3.19,3.50,8095779
25-Jun-09,3.11,3.26,3.11,3.25,1639027
24-Jun-09,3.11,3.27,3.09,3.13,2526243
23-Jun-09,3.12,3.16,2.91,3.06,2506568
22-Jun-09,3.31,3.43,3.08,3.11,3409224
19-Jun-09,3.45,3.55,3.40,3.40,2422823
18-Jun-09,3.40,3.50,3.33,3.41,1440741
17-Jun-09,3.27,3.41,3.24,3.36,1668919
16-Jun-09,3.41,3.62,3.38,3.41,2571001
15-Jun-09,3.31,3.45,3.20,3.44,2521547
12-Jun-09,3.30,3.51,3.18,3.51,2215841
11-Jun-09,3.39,3.44,3.33,3.36,2508027
10-Jun-09,3.31,3.37,3.17,3.30,4360095
9-Jun-09,3.16,3.25,3.14,3.21,1196875
8-Jun-09,3.20,3.23,3.08,3.15,1096404
5-Jun-09,3.31,3.31,3.06,3.27,1681474
4-Jun-09,2.98,3.27,2.97,3.21,2437954
3-Jun-09,3.19,3.19,2.88,2.95,1841708
2-Jun-09,3.22,3.24,3.09,3.22,1723943
1-Jun-09,3.13,3.29,3.00,3.15,2658256
29-May-09,2.88,3.04,2.84,3.04,2490640
28-May-09,2.84,2.88,2.77,2.82,1786277
27-May-09,2.78,2.88,2.75,2.80,1352608
26-May-09,2.63,2.80,2.60,2.80,1815418
22-May-09,2.63,2.73,2.62,2.66,726998
21-May-09,2.64,2.64,2.57,2.61,777694
20-May-09,2.69,2.69,2.58,2.68,2712989
19-May-09,2.74,2.74,2.57,2.60,1319427
18-May-09,2.53,2.73,2.50,2.73,978139
15-May-09,2.45,2.52,2.44,2.49,1224438
14-May-09,2.43,2.48,2.40,2.46,970312
13-May-09,2.55,2.56,2.42,2.42,1457238
12-May-09,2.70,2.70,2.56,2.60,1044857
11-May-09,2.75,2.75,2.63,2.69,832332
8-May-09,2.77,2.77,2.64,2.71,1508901
7-May-09,2.84,2.90,2.60,2.69,2261087
6-May-09,2.63,2.72,2.63,2.69,2005196
5-May-09,2.60,2.69,2.55,2.60,1125370
4-May-09,2.52,2.69,2.50,2.68,1458870
1-May-09,2.46,2.59,2.45,2.49,1428708
30-Apr-09,2.44,2.52,2.41,2.48,1256881
29-Apr-09,2.40,2.53,2.40,2.42,1272858
28-Apr-09,2.34,2.45,2.32,2.38,879864
27-Apr-09,2.50,2.50,2.38,2.38,1221048
24-Apr-09,2.50,2.56,2.46,2.55,1315741
23-Apr-09,2.43,2.46,2.33,2.45,773483
22-Apr-09,2.41,2.46,2.32,2.36,1024001
21-Apr-09,2.29,2.46,2.27,2.46,974375
20-Apr-09,2.51,2.51,2.31,2.31,1454283
17-Apr-09,2.59,2.66,2.54,2.58,1188980
16-Apr-09,2.56,2.60,2.44,2.60,855144
15-Apr-09,2.41,2.57,2.36,2.57,1070022
14-Apr-09,2.58,2.58,2.39,2.43,2824221
13-Apr-09,2.59,2.60,2.49,2.55,2552552
9-Apr-09,2.75,2.75,2.45,2.64,3304055
8-Apr-09,2.71,2.86,2.65,2.81,752157
7-Apr-09,2.76,2.78,2.68,2.69,450897
6-Apr-09,2.85,2.89,2.73,2.80,692629
3-Apr-09,2.87,2.92,2.72,2.89,832865
2-Apr-09,2.77,2.92,2.76,2.87,1385799
1-Apr-09,2.54,2.70,2.46,2.69,627614
31-Mar-09,2.59,2.66,2.50,2.51,977201
30-Mar-09,2.60,2.64,2.47,2.54,831525
27-Mar-09,2.89,2.89,2.65,2.65,921031
26-Mar-09,2.87,2.97,2.76,2.97,920151
25-Mar-09,2.92,3.00,2.66,2.85,1614958
24-Mar-09,2.93,3.00,2.87,2.90,693203
23-Mar-09,2.80,3.04,2.71,2.99,1911499
20-Mar-09,2.90,2.96,2.60,2.61,1687124
19-Mar-09,2.87,3.08,2.86,2.92,1756198
18-Mar-09,2.82,2.85,2.64,2.84,1265340
17-Mar-09,2.65,2.85,2.60,2.85,784644
16-Mar-09,2.54,2.75,2.54,2.66,789494
13-Mar-09,2.71,2.72,2.51,2.56,1127486
12-Mar-09,2.44,2.68,2.44,2.68,1146606
11-Mar-09,2.55,2.63,2.45,2.45,1140605
10-Mar-09,2.45,2.55,2.45,2.55,1316473
9-Mar-09,2.25,2.47,2.25,2.38,1563040
6-Mar-09,2.27,2.33,2.18,2.29,997310
5-Mar-09,2.30,2.31,2.20,2.24,1608699
4-Mar-09,2.15,2.37,2.15,2.37,1141074
3-Mar-09,2.11,2.21,2.05,2.15,971516
2-Mar-09,2.26,2.26,2.04,2.06,1414214
27-Feb-09,2.32,2.46,2.18,2.32,1262904
26-Feb-09,2.27,2.63,2.27,2.36,1839901
25-Feb-09,2.30,2.38,2.17,2.18,1036536
24-Feb-09,2.14,2.29,2.03,2.26,2001853
23-Feb-09,2.27,2.39,2.17,2.17,1122837
20-Feb-09,2.50,2.54,2.09,2.24,1952454
19-Feb-09,2.48,2.60,2.47,2.55,832350
18-Feb-09,2.56,2.65,2.42,2.43,1213878
17-Feb-09,2.85,2.85,2.54,2.54,1027486
13-Feb-09,2.87,2.90,2.71,2.87,817387
12-Feb-09,2.70,2.78,2.60,2.77,931607
11-Feb-09,2.80,2.93,2.73,2.75,1292856
10-Feb-09,3.02,3.20,2.70,2.71,2000819
9-Feb-09,3.40,3.44,3.00,3.06,2015587
6-Feb-09,3.20,3.50,3.12,3.50,2212612
5-Feb-09,3.15,3.31,3.07,3.21,2206181
4-Feb-09,3.18,3.34,3.05,3.11,1661774
3-Feb-09,2.89,3.16,2.85,3.12,1488067
2-Feb-09,2.72,2.84,2.68,2.82,690321
30-Jan-09,2.75,2.99,2.71,2.83,912014
29-Jan-09,2.71,2.85,2.71,2.81,668395
28-Jan-09,2.74,2.81,2.72,2.81,842522
27-Jan-09,2.76,2.76,2.63,2.69,432786
26-Jan-09,2.61,2.75,2.58,2.74,725211
23-Jan-09,2.50,2.68,2.47,2.60,721190
22-Jan-09,2.47,2.66,2.44,2.58,639555
21-Jan-09,2.55,2.62,2.48,2.61,974921
20-Jan-09,2.75,2.75,2.47,2.47,772154
16-Jan-09,2.73,2.81,2.58,2.77,656279
15-Jan-09,2.65,2.78,2.49,2.78,1214500
14-Jan-09,2.85,2.87,2.65,2.65,771651
13-Jan-09,2.71,2.92,2.67,2.88,641447
12-Jan-09,2.90,3.08,2.73,2.73,1495363
9-Jan-09,2.86,3.00,2.83,2.84,733617
8-Jan-09,2.83,3.03,2.76,2.98,758037
7-Jan-09,3.07,3.07,2.82,2.84,1099813
6-Jan-09,3.11,3.33,3.11,3.14,1538633
5-Jan-09,2.90,3.12,2.80,3.07,1438164
2-Jan-09,2.72,2.93,2.72,2.90,708557
31-Dec-08,2.50,2.80,2.50,2.80,1095783
30-Dec-08,2.63,2.69,2.50,2.56,737295
29-Dec-08,2.66,2.73,2.53,2.62,577899
26-Dec-08,2.60,2.72,2.59,2.70,227090
24-Dec-08,2.50,2.63,2.50,2.60,286355
23-Dec-08,2.67,2.69,2.52,2.54,432117
22-Dec-08,2.74,2.74,2.51,2.67,896703
19-Dec-08,2.50,2.83,2.45,2.83,2016192
18-Dec-08,2.61,2.64,2.42,2.55,915517
17-Dec-08,2.66,2.70,2.54,2.61,700410
16-Dec-08,2.54,2.70,2.46,2.68,1132538
15-Dec-08,2.78,2.93,2.44,2.51,962968
12-Dec-08,2.31,3.00,2.30,3.00,829776
11-Dec-08,2.41,2.79,2.40,2.50,1833669
10-Dec-08,2.23,2.48,2.22,2.48,1396167
9-Dec-08,2.35,2.37,2.15,2.20,1315310
8-Dec-08,2.30,2.38,2.20,2.36,1457200
5-Dec-08,2.14,2.22,1.96,2.22,1247311
4-Dec-08,2.22,2.36,2.05,2.16,1596533
3-Dec-08,2.41,2.41,2.19,2.21,1543838
2-Dec-08,2.48,2.51,2.19,2.37,1281900
1-Dec-08,2.69,2.69,2.23,2.23,1014963
28-Nov-08,2.38,2.73,2.35,2.73,662831
26-Nov-08,2.25,2.51,2.23,2.27,1538711
25-Nov-08,2.41,2.50,2.25,2.25,963161
24-Nov-08,2.24,2.54,2.06,2.47,1881888
21-Nov-08,2.44,2.45,2.08,2.33,1480292
20-Nov-08,2.71,2.76,2.00,2.18,2709349
19-Nov-08,3.15,3.17,2.67,2.85,2332378
18-Nov-08,2.94,3.25,2.80,3.25,3183443
17-Nov-08,2.17,3.01,2.14,3.00,11334816
14-Nov-08,2.20,2.32,2.09,2.17,602358
13-Nov-08,2.05,2.34,2.03,2.33,1522472
12-Nov-08,2.24,2.26,2.04,2.04,671006
11-Nov-08,2.36,2.41,2.20,2.20,678216
10-Nov-08,2.39,2.47,2.31,2.42,947294
7-Nov-08,2.35,2.44,2.27,2.28,1142962
6-Nov-08,2.45,2.51,2.10,2.10,1041730
5-Nov-08,2.55,2.70,2.31,2.32,616006
4-Nov-08,2.24,2.72,2.24,2.72,1333325
3-Nov-08,2.50,2.50,2.12,2.23,1050603
31-Oct-08,2.24,2.53,2.15,2.53,1056572
30-Oct-08,2.25,2.45,2.17,2.35,970168
29-Oct-08,2.15,2.30,2.06,2.27,1219862
28-Oct-08,2.18,2.20,1.97,2.10,1767491
27-Oct-08,2.08,2.11,1.89,1.89,949755
24-Oct-08,2.06,2.21,1.90,2.12,633960
23-Oct-08,2.15,2.38,2.12,2.25,748958
22-Oct-08,2.26,2.35,2.07,2.16,506226
21-Oct-08,2.40,2.54,2.32,2.42,913752
20-Oct-08,2.34,2.50,2.30,2.45,735540
17-Oct-08,2.29,2.50,2.13,2.32,1315976
16-Oct-08,2.10,2.37,1.91,2.37,1216150
15-Oct-08,2.35,2.40,1.96,1.96,1129381
14-Oct-08,2.84,2.95,2.32,2.49,1580814
13-Oct-08,2.79,2.79,2.40,2.74,1568623
10-Oct-08,1.74,2.55,1.72,2.55,2831163
9-Oct-08,2.49,2.59,1.98,2.06,1735192
8-Oct-08,2.26,2.67,2.20,2.37,2077300
7-Oct-08,3.07,3.07,2.63,2.63,1853990
6-Oct-08,2.89,2.95,2.39,2.80,3667336
3-Oct-08,3.26,3.50,3.09,3.13,1215838
2-Oct-08,3.64,3.64,3.21,3.24,1462315
1-Oct-08,3.71,3.83,3.34,3.69,925668
30-Sep-08,3.32,3.84,3.32,3.71,1145502
29-Sep-08,3.80,4.00,3.14,3.17,2409155
26-Sep-08,4.05,4.25,3.50,4.17,1403546
25-Sep-08,4.28,4.42,4.15,4.26,936340
24-Sep-08,4.30,4.36,4.15,4.24,1110193
23-Sep-08,4.57,4.66,4.01,4.12,1181706
22-Sep-08,4.87,4.92,4.45,4.66,1159000
19-Sep-08,4.60,4.80,4.35,4.74,2540849
18-Sep-08,3.77,4.43,3.77,4.43,2008100
17-Sep-08,3.50,3.84,3.45,3.60,2083494
16-Sep-08,3.21,3.60,3.01,3.44,2595275
15-Sep-08,3.74,3.96,3.53,3.53,1002941
12-Sep-08,3.90,4.15,3.75,4.11,1070272
11-Sep-08,3.90,4.00,3.60,3.94,1117832
10-Sep-08,3.95,4.15,3.84,3.95,1649987
9-Sep-08,4.37,4.40,3.86,3.89,1577605
8-Sep-08,4.57,4.72,4.31,4.40,919554
5-Sep-08,4.17,4.47,4.01,4.45,1446534
4-Sep-08,4.12,4.40,4.10,4.11,1676058
3-Sep-08,4.30,4.36,4.05,4.12,2090298
2-Sep-08,4.55,4.70,4.28,4.35,1750680
29-Aug-08,5.02,5.15,4.90,4.90,1352104
28-Aug-08,5.11,5.12,4.82,4.99,1183386
27-Aug-08,4.80,5.03,4.80,4.99,1707507
26-Aug-08,4.60,4.76,4.60,4.75,1048098
25-Aug-08,4.74,4.80,4.45,4.55,606018
22-Aug-08,4.70,4.74,4.50,4.61,796566
21-Aug-08,4.51,4.85,4.51,4.72,1816369
20-Aug-08,4.43,4.64,4.27,4.43,1525250
19-Aug-08,4.20,4.39,3.99,4.34,2198224
18-Aug-08,4.51,4.58,4.25,4.27,714723
15-Aug-08,4.65,4.76,4.32,4.43,875475
14-Aug-08,5.03,5.03,4.60,4.67,1103960
13-Aug-08,4.61,4.85,4.60,4.78,1331145
12-Aug-08,4.73,4.90,4.58,4.60,819866
11-Aug-08,5.07,5.45,4.55,4.80,1504703
8-Aug-08,5.07,5.16,4.81,5.16,1125422
7-Aug-08,5.24,5.40,5.10,5.18,2274956
6-Aug-08,4.21,5.10,4.21,5.02,2974179
5-Aug-08,4.44,4.58,4.02,4.21,2866208
4-Aug-08,5.09,5.15,4.40,4.51,1430818
1-Aug-08,5.07,5.08,4.81,4.95,1265282
31-Jul-08,5.30,5.35,4.97,5.07,1559521
30-Jul-08,5.08,5.40,4.86,5.31,2554417
29-Jul-08,5.56,5.58,4.74,5.07,4162324
28-Jul-08,5.71,5.85,5.54,5.57,789405
25-Jul-08,5.73,6.04,5.73,5.75,948704
24-Jul-08,5.95,6.11,5.58,5.73,1182125
23-Jul-08,6.33,6.33,5.86,5.90,1176359
22-Jul-08,6.50,6.74,6.12,6.50,1679090
21-Jul-08,6.00,6.64,5.90,6.62,1221965
18-Jul-08,5.91,6.05,5.67,5.85,1211132
17-Jul-08,6.15,6.45,5.69,5.87,1756127
16-Jul-08,6.35,6.73,5.95,6.12,3113863
15-Jul-08,7.00,7.05,6.56,6.77,1084189
14-Jul-08,7.15,7.19,6.85,7.06,739820
11-Jul-08,7.28,7.45,6.80,7.13,1274346
10-Jul-08,6.53,7.14,6.50,7.10,1307197
9-Jul-08,6.75,7.15,6.48,6.51,1717697
8-Jul-08,6.99,6.99,6.10,6.69,2933770
7-Jul-08,6.97,7.36,6.81,6.92,1751754
3-Jul-08,7.14,7.28,6.75,7.00,1863116
2-Jul-08,7.94,7.95,7.16,7.28,2810767
1-Jul-08,8.14,8.14,7.50,7.93,2596785
30-Jun-08,8.64,8.64,7.90,7.97,4016553
27-Jun-08,8.00,8.31,7.66,8.25,11847042
26-Jun-08,7.08,7.66,6.96,7.60,3213650
25-Jun-08,7.17,7.21,6.36,7.02,4071048
24-Jun-08,7.56,7.60,7.15,7.25,1804603
23-Jun-08,7.63,7.66,7.28,7.45,1680886
20-Jun-08,7.75,7.90,7.01,7.45,3693777
19-Jun-08,8.60,8.78,6.75,7.75,5662982
18-Jun-08,8.01,8.28,7.83,8.25,4301782
17-Jun-08,7.80,7.99,7.56,7.75,3106031
16-Jun-08,7.34,7.76,7.10,7.60,2203863
13-Jun-08,7.05,7.14,6.88,7.01,1774368
12-Jun-08,6.95,7.04,6.61,7.00,1961688
11-Jun-08,6.94,7.07,6.75,6.88,3408318
10-Jun-08,6.59,6.90,6.47,6.58,2655482
9-Jun-08,6.22,6.50,6.11,6.50,2006679
6-Jun-08,6.12,6.18,5.91,6.07,1125482
5-Jun-08,5.95,6.06,5.85,6.06,957251
4-Jun-08,5.92,5.97,5.69,5.94,1087591
3-Jun-08,5.98,6.22,5.75,5.95,2066902
2-Jun-08,5.80,5.99,5.52,5.97,1328619
30-May-08,6.10,6.10,5.65,5.79,688479
29-May-08,5.81,6.00,5.57,5.68,1178479
28-May-08,5.92,5.98,5.51,5.90,1861816
27-May-08,6.09,6.19,5.90,5.95,1421091
23-May-08,6.47,6.50,5.05,5.82,3928341
22-May-08,6.74,6.79,6.33,6.44,2063378
21-May-08,6.49,7.00,6.44,6.60,4016535
20-May-08,6.00,6.44,5.98,6.31,2848955
19-May-08,6.00,6.17,5.90,5.95,1339191
16-May-08,5.99,6.10,5.85,5.90,1799485
15-May-08,5.80,6.07,5.76,5.87,2030926
14-May-08,5.45,5.77,5.44,5.67,1430104
13-May-08,5.30,5.48,5.22,5.43,1430848
12-May-08,5.31,5.40,5.07,5.23,2325970
9-May-08,5.59,5.75,5.40,5.49,1449053
8-May-08,5.47,5.59,5.26,5.43,1534397
7-May-08,5.05,5.70,5.03,5.37,3370529
6-May-08,4.75,5.05,4.64,5.01,2180932
5-May-08,4.74,4.78,4.60,4.64,973623
2-May-08,4.29,4.82,4.21,4.64,1296815
1-May-08,4.50,4.65,4.35,4.42,822939
30-Apr-08,4.61,4.75,4.45,4.50,632367
29-Apr-08,4.69,4.70,4.45,4.66,1542107
28-Apr-08,4.34,4.65,4.26,4.62,848119
25-Apr-08,4.19,4.34,4.18,4.28,799894
24-Apr-08,4.30,4.30,4.16,4.23,586641
23-Apr-08,4.21,4.29,4.10,4.25,1004653
22-Apr-08,4.16,4.25,4.05,4.15,1663886
21-Apr-08,4.08,4.15,4.02,4.08,661165
18-Apr-08,3.98,4.12,3.94,4.05,595098
17-Apr-08,4.00,4.09,3.91,4.02,785737
16-Apr-08,4.17,4.20,3.93,3.95,1406511
15-Apr-08,4.08,4.20,3.95,4.19,1393488
14-Apr-08,4.29,4.30,3.85,3.89,1127363
11-Apr-08,4.27,4.38,4.10,4.25,1522100
10-Apr-08,3.91,4.39,3.88,4.29,3240256
9-Apr-08,4.10,4.10,3.86,3.90,523789
8-Apr-08,4.03,4.03,3.87,3.87,261557
7-Apr-08,4.02,4.10,3.83,4.03,1494600
4-Apr-08,3.70,3.98,3.67,3.94,1167300
3-Apr-08,3.50,3.70,3.50,3.70,628700
2-Apr-08,3.33,3.56,3.33,3.51,442800
1-Apr-08,3.31,3.42,3.28,3.36,294500
31-Mar-08,3.52,3.54,3.29,3.32,508800
28-Mar-08,3.47,3.53,3.43,3.48,531900
27-Mar-08,3.59,3.61,3.49,3.50,644600
26-Mar-08,3.58,3.61,3.57,3.59,358800
25-Mar-08,3.62,3.63,3.51,3.57,377100
24-Mar-08,3.45,3.73,3.43,3.62,1078800
20-Mar-08,3.48,3.50,3.28,3.44,745600
19-Mar-08,3.68,3.68,3.35,3.50,1152100
18-Mar-08,3.87,3.90,3.65,3.71,1041300
17-Mar-08,3.90,3.90,3.65,3.73,796100
14-Mar-08,4.26,4.26,3.87,3.90,1649200
13-Mar-08,3.98,4.25,3.94,4.22,4862000
12-Mar-08,3.59,4.00,3.56,3.95,3015700
11-Mar-08,3.62,3.65,3.52,3.55,439400
10-Mar-08,3.55,3.67,3.52,3.58,1545000
7-Mar-08,3.45,3.58,3.38,3.50,1223900
6-Mar-08,3.41,3.54,3.24,3.49,1125000
5-Mar-08,3.54,3.56,3.41,3.42,1597300
4-Mar-08,3.61,3.66,3.44,3.49,1617200
3-Mar-08,3.80,3.80,3.53,3.59,1022500
29-Feb-08,3.84,3.88,3.49,3.79,1090500
28-Feb-08,3.63,3.95,3.50,3.86,1350800
27-Feb-08,3.76,3.76,3.59,3.63,1074900
26-Feb-08,3.54,3.75,3.51,3.69,1180900
25-Feb-08,3.63,3.70,3.37,3.55,2187600
22-Feb-08,3.24,3.40,3.11,3.30,979000
21-Feb-08,3.40,3.45,3.12,3.17,770600
20-Feb-08,3.23,3.39,3.21,3.35,1412000
19-Feb-08,3.12,3.21,3.11,3.20,629800
15-Feb-08,3.09,3.17,3.00,3.10,1263400
14-Feb-08,3.06,3.09,3.02,3.05,959800
13-Feb-08,3.07,3.07,3.04,3.05,614400
12-Feb-08,3.06,3.11,3.04,3.05,817000
11-Feb-08,2.89,3.06,2.89,3.04,788400
8-Feb-08,3.05,3.05,2.81,2.90,492800
7-Feb-08,3.00,3.05,2.90,3.00,792100
6-Feb-08,3.00,3.08,2.94,3.00,999200
5-Feb-08,2.91,3.03,2.80,3.02,681000
4-Feb-08,2.80,2.92,2.79,2.89,826900
1-Feb-08,2.80,2.80,2.72,2.80,1133000
31-Jan-08,2.74,2.83,2.70,2.78,1556600
30-Jan-08,2.75,2.76,2.57,2.75,370500
29-Jan-08,2.78,2.82,2.70,2.77,482200
28-Jan-08,2.88,2.88,2.78,2.80,229000
25-Jan-08,2.85,2.93,2.79,2.87,454100
24-Jan-08,2.60,2.82,2.52,2.78,570300
23-Jan-08,2.71,2.71,2.48,2.52,561900
22-Jan-08,2.54,2.82,2.31,2.74,798700
18-Jan-08,2.75,2.97,2.65,2.68,271900
17-Jan-08,2.77,3.09,2.71,2.77,559200
16-Jan-08,2.80,2.85,2.62,2.79,808300
15-Jan-08,3.09,3.12,2.86,2.89,707300
14-Jan-08,3.28,3.32,3.07,3.10,1248300
11-Jan-08,2.91,3.22,2.90,3.13,2706600
10-Jan-08,2.71,2.95,2.60,2.82,887600
9-Jan-08,2.67,2.77,2.57,2.70,790500
8-Jan-08,2.79,2.84,2.66,2.67,453800
7-Jan-08,2.65,2.93,2.60,2.80,1077500
4-Jan-08,2.50,2.69,2.47,2.65,392500
3-Jan-08,2.53,2.54,2.49,2.50,238500
2-Jan-08,2.65,2.65,2.39,2.53,359700
31-Dec-07,2.58,2.69,2.57,2.62,259200
28-Dec-07,2.50,2.59,2.48,2.59,552700
27-Dec-07,2.39,2.54,2.29,2.44,574800
26-Dec-07,2.20,2.40,2.20,2.35,540900
24-Dec-07,2.15,2.20,2.12,2.20,98700
21-Dec-07,2.10,2.15,2.03,2.14,323400
20-Dec-07,2.14,2.14,2.04,2.10,230700
19-Dec-07,2.07,2.15,2.07,2.13,540600
18-Dec-07,2.13,2.15,2.07,2.08,213200
17-Dec-07,2.08,2.22,2.07,2.14,1011500
14-Dec-07,2.02,2.08,1.99,2.07,339200
13-Dec-07,2.02,2.04,1.99,2.00,187400
12-Dec-07,2.00,2.03,1.97,2.03,509400
11-Dec-07,1.92,2.03,1.92,1.98,533500
10-Dec-07,1.90,1.97,1.88,1.95,239800
7-Dec-07,1.90,1.93,1.82,1.89,163100
6-Dec-07,1.82,1.93,1.82,1.91,94300
5-Dec-07,1.90,1.90,1.84,1.85,90000
4-Dec-07,1.98,1.99,1.87,1.90,183300
3-Dec-07,1.94,1.98,1.91,1.98,181000
30-Nov-07,1.86,1.94,1.83,1.93,129200
29-Nov-07,1.84,1.94,1.81,1.84,107500
28-Nov-07,1.83,1.85,1.81,1.81,114500
27-Nov-07,1.90,1.90,1.82,1.85,87200
26-Nov-07,1.85,1.95,1.85,1.90,146000
23-Nov-07,1.88,1.88,1.79,1.85,252500
21-Nov-07,1.95,2.09,1.72,1.99,945600
20-Nov-07,1.72,2.09,1.72,1.99,945600
19-Nov-07,1.76,1.76,1.72,1.74,161100
16-Nov-07,1.77,1.82,1.75,1.77,163400
15-Nov-07,1.76,1.77,1.70,1.76,287500
14-Nov-07,1.72,1.78,1.67,1.76,142000
13-Nov-07,1.69,1.72,1.65,1.72,748000
12-Nov-07,1.75,1.75,1.61,1.71,862200
9-Nov-07,1.77,1.78,1.70,1.75,87600
8-Nov-07,1.84,1.86,1.70,1.75,200600
7-Nov-07,1.85,1.87,1.80,1.86,182900
6-Nov-07,1.77,1.85,1.77,1.84,170300
5-Nov-07,1.67,1.85,1.62,1.85,1020400
2-Nov-07,1.62,1.76,1.61,1.70,335400
1-Nov-07,1.67,1.67,1.60,1.65,309700
31-Oct-07,1.66,1.68,1.65,1.67,187600
30-Oct-07,1.65,1.68,1.65,1.68,607100
29-Oct-07,1.65,1.68,1.65,1.65,121200
26-Oct-07,1.72,1.73,1.60,1.62,413600
25-Oct-07,1.74,1.75,1.70,1.72,297700
24-Oct-07,1.72,1.75,1.68,1.74,97500
23-Oct-07,1.75,1.77,1.70,1.74,178400
22-Oct-07,1.75,1.76,1.61,1.76,230700
19-Oct-07,1.72,1.76,1.71,1.75,318900
18-Oct-07,1.70,1.75,1.69,1.72,138000
17-Oct-07,1.70,1.74,1.68,1.70,208300
16-Oct-07,1.65,1.73,1.65,1.71,359200
15-Oct-07,1.60,1.67,1.56,1.65,326500
12-Oct-07,1.60,1.62,1.54,1.61,69700
11-Oct-07,1.59,1.62,1.43,1.60,212100
10-Oct-07,1.62,1.62,1.57,1.61,154000
9-Oct-07,1.47,1.65,1.47,1.62,262100
8-Oct-07,1.47,1.55,1.45,1.50,145600
5-Oct-07,1.43,1.50,1.42,1.48,76400
4-Oct-07,1.44,1.48,1.39,1.43,329300
3-Oct-07,1.50,1.50,1.40,1.44,249100
2-Oct-07,1.60,1.60,1.48,1.52,219600
1-Oct-07,1.62,1.69,1.58,1.60,282900
28-Sep-07,1.53,1.60,1.47,1.60,326300
27-Sep-07,1.39,1.60,1.39,1.57,858200
26-Sep-07,1.39,1.39,1.33,1.35,124200
25-Sep-07,1.38,1.40,1.35,1.37,69100
24-Sep-07,1.40,1.40,1.34,1.36,122900
21-Sep-07,1.43,1.45,1.33,1.38,110900
20-Sep-07,1.42,1.46,1.41,1.43,99200
19-Sep-07,1.44,1.48,1.43,1.45,104700
18-Sep-07,1.40,1.50,1.38,1.44,125900
17-Sep-07,1.44,1.45,1.41,1.43,64400
14-Sep-07,1.45,1.45,1.38,1.45,68100
13-Sep-07,1.49,1.49,1.41,1.46,100000
12-Sep-07,1.46,1.54,1.46,1.48,203200
11-Sep-07,1.39,1.46,1.33,1.46,349600
10-Sep-07,1.47,1.48,1.35,1.39,111500
7-Sep-07,1.54,1.54,1.45,1.46,67500
6-Sep-07,1.50,1.59,1.50,1.54,253200
5-Sep-07,1.51,1.55,1.44,1.50,194100
4-Sep-07,1.68,1.72,1.45,1.56,317400
31-Aug-07,1.70,1.76,1.69,1.72,179000
30-Aug-07,1.65,1.69,1.62,1.69,50300
29-Aug-07,1.65,1.66,1.62,1.66,71900
28-Aug-07,1.55,1.65,1.52,1.60,173200
27-Aug-07,1.49,1.58,1.46,1.55,183000
24-Aug-07,1.52,1.53,1.46,1.50,261000
23-Aug-07,1.45,1.50,1.45,1.45,78200
22-Aug-07,1.42,1.48,1.42,1.45,110400
21-Aug-07,1.40,1.55,1.37,1.42,323500
20-Aug-07,1.41,1.60,1.40,1.42,504200
17-Aug-07,1.38,1.49,1.37,1.40,605400
16-Aug-07,1.54,1.54,1.37,1.37,818900
15-Aug-07,1.52,1.65,1.47,1.56,430500
14-Aug-07,1.76,1.80,1.51,1.53,1246400
13-Aug-07,1.95,1.98,1.75,1.75,529700
10-Aug-07,1.86,1.97,1.75,1.90,884200
9-Aug-07,1.94,1.96,1.87,1.87,535900
8-Aug-07,2.08,2.10,1.91,1.98,966200
7-Aug-07,1.96,2.16,1.89,2.08,2186900
6-Aug-07,2.01,2.01,1.82,1.90,511800
3-Aug-07,1.88,2.05,1.87,1.99,848800
2-Aug-07,1.88,1.89,1.85,1.87,253200
1-Aug-07,1.85,1.92,1.82,1.88,801000
31-Jul-07,1.72,1.87,1.72,1.87,988700
30-Jul-07,1.83,1.85,1.65,1.72,362600
27-Jul-07,1.67,1.94,1.64,1.85,2281400
26-Jul-07,1.74,1.75,1.62,1.64,833800
25-Jul-07,1.64,1.70,1.60,1.67,256500
24-Jul-07,1.69,1.69,1.52,1.65,482400
23-Jul-07,1.64,1.82,1.64,1.68,885500
20-Jul-07,1.61,1.66,1.59,1.64,413700
19-Jul-07,1.51,1.70,1.51,1.64,1736500
18-Jul-07,1.43,1.54,1.42,1.52,646200
17-Jul-07,1.45,1.46,1.41,1.42,392800
16-Jul-07,1.44,1.46,1.42,1.45,260300
13-Jul-07,1.44,1.45,1.41,1.45,552700
12-Jul-07,1.44,1.44,1.41,1.43,310000
11-Jul-07,1.44,1.44,1.40,1.43,384900
10-Jul-07,1.39,1.44,1.36,1.44,566600
9-Jul-07,1.35,1.45,1.35,1.40,1254700
6-Jul-07,1.40,1.40,1.32,1.32,24600
5-Jul-07,1.31,1.36,1.31,1.34,12400
3-Jul-07,1.35,1.37,1.33,1.37,46500
2-Jul-07,1.44,1.44,1.35,1.38,190300
29-Jun-07,1.41,1.44,1.38,1.42,260400
28-Jun-07,1.32,1.42,1.30,1.38,231000
27-Jun-07,1.33,1.33,1.28,1.30,175600
26-Jun-07,1.44,1.45,1.30,1.33,175800
25-Jun-07,1.48,1.49,1.40,1.45,710500
22-Jun-07,1.33,1.45,1.33,1.44,1458600
21-Jun-07,1.39,1.41,1.26,1.35,1362600
20-Jun-07,1.15,1.38,1.12,1.37,2353200
19-Jun-07,1.10,1.14,1.09,1.10,49100
18-Jun-07,1.04,1.12,1.04,1.09,160600
15-Jun-07,1.05,1.09,1.03,1.06,58600
14-Jun-07,1.00,1.04,0.99,1.03,89100
13-Jun-07,1.00,1.00,0.98,1.00,199300
12-Jun-07,0.95,1.00,0.94,0.99,403000
11-Jun-07,0.99,1.05,0.90,0.94,159200
8-Jun-07,1.05,1.05,0.95,0.99,559400
7-Jun-07,1.07,1.08,1.04,1.08,83900
6-Jun-07,1.08,1.10,1.08,1.08,28000
5-Jun-07,1.14,1.14,1.06,1.10,34500
4-Jun-07,1.12,1.13,1.06,1.10,79300
1-Jun-07,1.14,1.14,1.12,1.13,238400
31-May-07,1.09,1.12,1.06,1.12,117900
30-May-07,1.15,1.16,1.07,1.08,118400
29-May-07,1.08,1.19,1.08,1.18,280400
25-May-07,1.11,1.11,1.05,1.06,88500
24-May-07,1.11,1.14,1.11,1.12,49900
23-May-07,1.14,1.15,1.13,1.14,116200
22-May-07,1.15,1.15,1.10,1.11,97200
21-May-07,1.10,1.17,1.10,1.17,199300
18-May-07,1.10,1.15,1.07,1.15,57900
17-May-07,1.14,1.14,1.06,1.10,207300
16-May-07,1.20,1.20,1.13,1.13,220700
15-May-07,1.37,1.37,1.16,1.20,487100
14-May-07,1.42,1.49,1.41,1.44,240500
11-May-07,1.36,1.44,1.35,1.43,149900
10-May-07,1.33,1.37,1.30,1.37,168100
9-May-07,1.43,1.43,1.36,1.36,81400
8-May-07,1.30,1.37,1.30,1.37,239300
7-May-07,1.10,1.26,1.10,1.24,128800
4-May-07,1.11,1.12,1.10,1.10,40200
3-May-07,1.05,1.12,1.05,1.11,42400
2-May-07,1.03,1.12,1.03,1.10,75900
1-May-07,1.05,1.06,1.01,1.01,92700
30-Apr-07,1.10,1.14,1.02,1.10,137200
27-Apr-07,1.16,1.16,1.10,1.14,71900
26-Apr-07,1.15,1.16,1.12,1.16,28700
25-Apr-07,1.15,1.17,1.13,1.15,58600
24-Apr-07,1.17,1.17,1.12,1.12,54900
23-Apr-07,1.19,1.22,1.16,1.17,23400
20-Apr-07,1.18,1.25,1.14,1.21,475800
19-Apr-07,1.14,1.15,1.13,1.14,82700
18-Apr-07,1.15,1.16,1.13,1.13,55700
17-Apr-07,1.18,1.19,1.14,1.18,20000
16-Apr-07,1.16,1.18,1.14,1.18,30200
13-Apr-07,1.14,1.20,1.10,1.19,25600
12-Apr-07,1.17,1.21,1.17,1.21,22400
11-Apr-07,1.22,1.26,1.16,1.21,239600
10-Apr-07,1.28,1.30,1.25,1.26,65700
9-Apr-07,1.32,1.34,1.25,1.30,22100
5-Apr-07,1.24,1.33,1.24,1.32,33300
4-Apr-07,1.27,1.28,1.24,1.28,29900
3-Apr-07,1.25,1.30,1.25,1.28,21400
2-Apr-07,1.29,1.34,1.25,1.29,127400
30-Mar-07,1.41,1.41,1.28,1.30,179600
29-Mar-07,1.49,1.49,1.39,1.40,214500
28-Mar-07,1.47,1.53,1.44,1.47,202700
27-Mar-07,1.49,1.50,1.47,1.49,16000
26-Mar-07,1.59,1.59,1.49,1.50,61100
23-Mar-07,1.60,1.60,1.57,1.58,54700
22-Mar-07,1.41,1.60,1.41,1.60,454200
21-Mar-07,1.36,1.43,1.36,1.41,315700
20-Mar-07,1.34,1.38,1.25,1.38,181600
19-Mar-07,1.30,1.35,1.30,1.34,71400
16-Mar-07,1.38,1.40,1.32,1.32,56700
15-Mar-07,1.32,1.42,1.32,1.41,202100
14-Mar-07,1.38,1.43,1.37,1.39,276600
13-Mar-07,1.35,1.42,1.33,1.42,75000
12-Mar-07,1.32,1.42,1.30,1.38,237400
9-Mar-07,1.29,1.34,1.29,1.32,66400
8-Mar-07,1.27,1.32,1.27,1.30,82900
7-Mar-07,1.28,1.30,1.27,1.30,147100
6-Mar-07,1.27,1.34,1.27,1.30,45600
5-Mar-07,1.34,1.35,1.24,1.35,61700
2-Mar-07,1.28,1.34,1.23,1.30,56000
1-Mar-07,1.28,1.30,1.22,1.28,49100
28-Feb-07,1.30,1.35,1.28,1.35,26200
27-Feb-07,1.36,1.36,1.28,1.35,45200
26-Feb-07,1.40,1.41,1.32,1.39,124800
23-Feb-07,1.34,1.40,1.30,1.38,149000
22-Feb-07,1.15,1.29,1.15,1.27,227100
21-Feb-07,1.19,1.20,1.06,1.16,485200
20-Feb-07,1.24,1.24,1.15,1.20,136100
16-Feb-07,1.27,1.29,1.21,1.24,166100
15-Feb-07,1.41,1.45,1.27,1.29,256600
14-Feb-07,1.42,1.45,1.42,1.42,118100
13-Feb-07,1.44,1.47,1.42,1.44,66200
12-Feb-07,1.45,1.47,1.44,1.45,167300
9-Feb-07,1.49,1.49,1.42,1.48,98800
8-Feb-07,1.50,1.50,1.45,1.50,36600
7-Feb-07,1.55,1.60,1.45,1.50,96900
6-Feb-07,1.52,1.56,1.50,1.55,103500
5-Feb-07,1.46,1.52,1.46,1.51,111100
2-Feb-07,1.45,1.47,1.41,1.46,32000
1-Feb-07,1.47,1.50,1.41,1.47,59600
31-Jan-07,1.50,1.51,1.46,1.47,53000
30-Jan-07,1.46,1.51,1.46,1.50,20900
29-Jan-07,1.50,1.57,1.50,1.51,42200
26-Jan-07,1.46,1.52,1.46,1.51,61100
25-Jan-07,1.45,1.55,1.44,1.50,115100
24-Jan-07,1.55,1.55,1.40,1.45,66300
23-Jan-07,1.44,1.64,1.43,1.53,245000
22-Jan-07,1.42,1.44,1.37,1.43,147300
19-Jan-07,1.30,1.43,1.30,1.37,108700
18-Jan-07,1.33,1.33,1.22,1.26,290200
17-Jan-07,1.45,1.48,1.28,1.32,648900
16-Jan-07,1.05,1.50,1.05,1.46,1052300
12-Jan-07,0.94,1.01,0.93,0.98,112100
11-Jan-07,1.02,1.02,0.88,0.93,301300
10-Jan-07,0.98,1.02,0.98,1.02,261700
9-Jan-07,1.06,1.07,0.96,1.02,128000
8-Jan-07,1.14,1.14,1.04,1.08,114400
5-Jan-07,1.15,1.16,1.00,1.11,263700
4-Jan-07,1.13,1.16,1.12,1.15,56100
3-Jan-07,1.20,1.21,1.14,1.15,151100
29-Dec-06,1.14,1.19,1.14,1.19,292300
28-Dec-06,1.12,1.16,1.11,1.16,63900
27-Dec-06,1.14,1.16,1.11,1.16,107700
26-Dec-06,1.16,1.18,1.14,1.16,68500
22-Dec-06,1.15,1.18,1.14,1.18,59400
21-Dec-06,1.18,1.19,1.16,1.18,79000
20-Dec-06,1.18,1.19,1.16,1.19,157200
19-Dec-06,1.18,1.20,1.17,1.18,117500
18-Dec-06,1.17,1.18,1.12,1.17,69600
15-Dec-06,1.19,1.19,1.17,1.18,125500
14-Dec-06,1.16,1.23,1.16,1.19,90800
13-Dec-06,1.19,1.23,1.15,1.17,96600
12-Dec-06,1.19,1.23,1.15,1.19,76700
11-Dec-06,1.16,1.21,1.16,1.21,121500
8-Dec-06,1.20,1.22,1.13,1.18,102500
7-Dec-06,1.30,1.31,1.20,1.22,94400
6-Dec-06,1.30,1.31,1.21,1.30,59100
5-Dec-06,1.31,1.35,1.20,1.28,22100
4-Dec-06,1.28,1.35,1.17,1.35,122800
1-Dec-06,1.29,1.35,1.29,1.30,224100
30-Nov-06,1.17,1.30,1.14,1.29,137100
29-Nov-06,1.23,1.25,1.16,1.18,286800
28-Nov-06,1.21,1.25,1.11,1.25,488900
27-Nov-06,1.25,1.26,1.17,1.21,492200
24-Nov-06,1.23,1.33,1.23,1.26,28600
22-Nov-06,1.28,1.30,1.24,1.27,65400
21-Nov-06,1.30,1.35,1.28,1.30,70000
20-Nov-06,1.26,1.35,1.26,1.35,51100
17-Nov-06,1.30,1.30,1.23,1.26,70200
16-Nov-06,1.35,1.37,1.26,1.30,70600
15-Nov-06,1.25,1.37,1.25,1.36,111300
14-Nov-06,1.32,1.33,1.27,1.28,116500
13-Nov-06,1.40,1.45,1.30,1.30,140600
10-Nov-06,1.21,1.40,1.20,1.39,303500
9-Nov-06,1.27,1.29,1.11,1.20,399700
8-Nov-06,1.29,1.30,1.21,1.27,100900
7-Nov-06,1.33,1.33,1.27,1.30,199300
6-Nov-06,1.40,1.43,1.30,1.35,100300
3-Nov-06,1.44,1.48,1.33,1.40,129900
2-Nov-06,1.59,1.59,1.48,1.50,231500
1-Nov-06,1.73,1.73,1.59,1.63,75200
31-Oct-06,1.64,1.70,1.61,1.70,90700
30-Oct-06,1.75,1.79,1.60,1.70,83300
27-Oct-06,1.70,1.85,1.68,1.75,255600
26-Oct-06,1.57,1.68,1.55,1.67,148600
25-Oct-06,1.40,1.59,1.40,1.55,123000
24-Oct-06,1.49,1.50,1.44,1.49,147100
23-Oct-06,1.71,1.72,1.31,1.50,235700
20-Oct-06,1.70,1.71,1.65,1.70,195600
19-Oct-06,1.56,1.70,1.50,1.66,213600
18-Oct-06,1.55,1.56,1.47,1.56,170700
17-Oct-06,1.30,1.59,1.26,1.55,926600
16-Oct-06,1.11,1.34,1.11,1.30,366600
13-Oct-06,1.20,1.21,1.08,1.10,424500
12-Oct-06,1.23,1.24,1.21,1.21,105200
11-Oct-06,1.26,1.34,1.22,1.25,206800
10-Oct-06,1.41,1.41,1.30,1.34,71000
9-Oct-06,1.26,1.38,1.15,1.38,136100
6-Oct-06,1.32,1.35,1.21,1.26,257300
5-Oct-06,1.42,1.47,1.32,1.36,142800
4-Oct-06,1.41,1.49,1.41,1.43,72700
3-Oct-06,1.58,1.58,1.46,1.48,147300
2-Oct-06,1.65,1.65,1.56,1.61,90800
29-Sep-06,1.64,1.69,1.57,1.65,147400
28-Sep-06,1.61,1.70,1.56,1.69,281700
27-Sep-06,1.60,1.62,1.53,1.61,333800
26-Sep-06,1.45,1.64,1.45,1.58,227700
25-Sep-06,1.53,1.55,1.45,1.47,423400
22-Sep-06,1.56,1.60,1.52,1.54,223900
21-Sep-06,1.58,1.60,1.53,1.57,307500
20-Sep-06,1.56,1.65,1.56,1.58,157600
19-Sep-06,1.60,1.60,1.51,1.57,85000
18-Sep-06,1.65,1.69,1.60,1.60,120900
15-Sep-06,1.62,1.73,1.62,1.62,182900
14-Sep-06,1.79,1.82,1.60,1.63,319700
13-Sep-06,1.92,1.93,1.65,1.80,177300
12-Sep-06,1.93,1.95,1.91,1.92,143400
11-Sep-06,2.11,2.25,1.93,1.95,271300
8-Sep-06,2.25,2.35,2.23,2.26,30200
7-Sep-06,2.32,2.35,2.15,2.30,138100
6-Sep-06,2.67,2.75,2.30,2.38,122500
5-Sep-06,2.75,2.80,2.56,2.76,101400
1-Sep-06,2.95,2.95,2.75,2.75,34200
31-Aug-06,2.99,2.99,2.80,2.95,70300
30-Aug-06,2.80,3.00,2.80,2.92,17100
29-Aug-06,2.79,2.85,2.74,2.85,60300
28-Aug-06,2.74,2.80,2.73,2.77,58800
25-Aug-06,2.73,2.80,2.73,2.80,40800
24-Aug-06,2.85,2.90,2.75,2.85,63900
23-Aug-06,3.05,3.05,2.90,2.95,25200
22-Aug-06,2.77,3.05,2.77,3.05,41600
21-Aug-06,2.82,2.90,2.73,2.85,53200
18-Aug-06,2.94,2.95,2.82,2.88,79200
17-Aug-06,3.00,3.00,2.96,2.96,12400
16-Aug-06,3.10,3.20,2.96,2.98,42100
15-Aug-06,3.10,3.25,3.06,3.10,17000
14-Aug-06,3.20,3.35,3.10,3.30,25400
11-Aug-06,3.22,3.32,3.20,3.20,12000
10-Aug-06,3.39,3.39,3.20,3.25,20500
9-Aug-06,3.49,3.50,3.25,3.33,75600
8-Aug-06,3.30,3.48,3.25,3.48,51700
7-Aug-06,3.40,3.40,3.30,3.33,105400
4-Aug-06,2.95,3.45,2.93,3.45,113600
3-Aug-06,2.83,2.94,2.83,2.92,24200
2-Aug-06,2.82,2.90,2.80,2.85,26300
1-Aug-06,2.97,2.99,2.82,2.82,48400
31-Jul-06,2.95,3.05,2.85,2.95,60200
28-Jul-06,2.99,3.05,2.82,3.00,66200
27-Jul-06,3.05,3.05,2.80,3.05,51600
26-Jul-06,3.00,3.14,2.90,3.14,49300
25-Jul-06,3.10,3.15,2.90,3.15,44800
24-Jul-06,2.82,3.11,2.75,3.11,52400
21-Jul-06,3.05,3.05,2.89,2.95,18900
20-Jul-06,2.85,3.05,2.80,3.05,50300
19-Jul-06,2.65,2.85,2.65,2.82,85800
18-Jul-06,2.75,2.90,2.60,2.82,52300
17-Jul-06,3.00,3.11,2.70,3.05,72000
14-Jul-06,3.40,3.40,3.02,3.15,37500
13-Jul-06,3.32,3.42,3.32,3.40,26500
12-Jul-06,3.49,3.50,3.20,3.43,11000
11-Jul-06,3.45,3.59,3.35,3.49,35200
10-Jul-06,3.70,3.70,3.44,3.50,26700
7-Jul-06,3.39,3.69,3.31,3.67,66400
6-Jul-06,3.50,3.50,3.30,3.41,11500
5-Jul-06,3.45,3.59,3.25,3.50,54000
3-Jul-06,3.30,3.50,3.25,3.46,36500
30-Jun-06,3.20,3.30,3.00,3.30,35600
29-Jun-06,3.15,3.25,3.00,3.20,100700
28-Jun-06,3.15,3.15,3.02,3.15,83900
27-Jun-06,3.05,3.15,3.00,3.14,78900
26-Jun-06,3.10,3.20,3.05,3.14,111400
23-Jun-06,3.15,3.20,3.07,3.19,63500
22-Jun-06,2.97,3.10,2.97,3.05,57700
21-Jun-06,3.05,3.06,2.57,2.96,531300
20-Jun-06,3.34,3.34,3.20,3.20,31000
19-Jun-06,3.37,3.40,3.35,3.40,15000
16-Jun-06,3.29,3.40,3.26,3.40,31600
15-Jun-06,3.05,3.27,3.00,3.26,40300
14-Jun-06,2.91,3.12,2.91,3.06,49800
13-Jun-06,3.20,3.24,2.82,3.00,114600
12-Jun-06,3.11,3.39,3.11,3.32,33300
9-Jun-06,3.30,3.49,3.20,3.23,31800
8-Jun-06,3.35,3.40,3.00,3.25,106500
7-Jun-06,3.35,3.55,3.33,3.45,33300
6-Jun-06,3.45,3.47,3.20,3.35,81900
5-Jun-06,3.52,3.52,3.44,3.45,87600
2-Jun-06,3.51,3.60,3.46,3.52,68600
1-Jun-06,3.65,3.67,3.46,3.46,151000
31-May-06,3.74,3.74,3.60,3.60,20400
30-May-06,3.65,3.65,3.52,3.60,120700
26-May-06,3.47,3.60,3.47,3.52,23800
25-May-06,3.50,3.60,3.43,3.50,35400
24-May-06,3.70,3.76,3.52,3.57,37600
23-May-06,3.60,3.85,3.51,3.65,66000
22-May-06,3.90,3.90,3.67,3.69,50900
19-May-06,3.80,3.95,3.75,3.88,54600
18-May-06,4.00,4.05,3.80,3.92,98000
17-May-06,4.29,4.29,4.05,4.05,62100
16-May-06,3.60,4.25,3.40,4.25,233800
15-May-06,3.70,3.80,3.45,3.70,243800
12-May-06,4.05,4.09,3.62,3.82,241600
11-May-06,4.25,4.30,3.90,4.14,214400
10-May-06,4.35,4.36,4.26,4.28,99500
9-May-06,4.40,4.40,4.33,4.35,76200
8-May-06,4.35,4.45,4.31,4.45,58300
5-May-06,4.48,4.48,4.36,4.40,59700
4-May-06,4.51,4.53,4.40,4.41,55200
3-May-06,4.75,4.79,4.50,4.51,60100
2-May-06,4.85,4.99,4.72,4.78,189200
1-May-06,4.55,4.70,4.55,4.70,57100
28-Apr-06,4.45,4.59,4.40,4.50,75800
27-Apr-06,4.31,4.65,4.25,4.45,164700
26-Apr-06,4.35,4.39,4.25,4.31,177000
25-Apr-06,4.51,4.51,4.25,4.35,263800
24-Apr-06,4.58,4.62,4.50,4.51,163000
21-Apr-06,4.58,4.69,4.52,4.59,222700
20-Apr-06,4.80,5.00,4.53,4.59,226200
19-Apr-06,4.75,4.87,4.68,4.70,209000
18-Apr-06,5.10,5.12,4.62,4.67,473000
17-Apr-06,4.93,5.01,4.80,5.01,416000
13-Apr-06,4.55,4.65,4.53,4.57,214300
12-Apr-06,4.58,4.59,4.50,4.52,214800
11-Apr-06,4.54,4.73,4.50,4.52,669500
10-Apr-06,4.70,4.70,4.30,4.40,153300
7-Apr-06,4.85,4.88,4.60,4.65,68300
6-Apr-06,4.88,4.88,4.75,4.80,78600
5-Apr-06,4.86,4.91,4.83,4.88,96700
4-Apr-06,4.74,4.90,4.73,4.83,80400
3-Apr-06,4.73,4.77,4.70,4.73,80700
31-Mar-06,4.60,4.75,4.55,4.70,58200
30-Mar-06,4.35,4.61,4.26,4.60,122400
29-Mar-06,4.40,4.50,4.26,4.37,95800
28-Mar-06,4.40,4.60,4.26,4.40,70700
27-Mar-06,4.65,4.65,4.45,4.45,34300
24-Mar-06,4.60,4.65,4.40,4.65,84800
23-Mar-06,4.30,4.60,4.30,4.60,105000
22-Mar-06,4.29,4.37,4.15,4.30,66400
21-Mar-06,3.95,4.30,3.94,4.29,148300
20-Mar-06,3.93,4.00,3.75,4.00,79300
17-Mar-06,4.20,4.20,3.90,3.90,128300
16-Mar-06,3.39,4.00,3.25,4.00,303900
15-Mar-06,3.41,3.50,3.35,3.40,286700
14-Mar-06,3.75,3.75,3.30,3.49,381600
13-Mar-06,4.00,4.00,3.74,3.75,98100
10-Mar-06,4.18,4.18,4.00,4.00,67800
9-Mar-06,4.05,4.25,3.93,4.20,45700
8-Mar-06,4.24,4.24,3.75,3.92,81900
7-Mar-06,4.22,4.24,3.75,4.24,190200
6-Mar-06,4.40,4.45,4.25,4.26,112900
3-Mar-06,4.40,4.48,4.38,4.40,38200
2-Mar-06,4.43,4.48,4.38,4.39,70200
1-Mar-06,4.37,4.50,4.33,4.47,63200
28-Feb-06,4.30,4.49,4.30,4.37,105500
27-Feb-06,4.77,4.77,4.26,4.40,220900
24-Feb-06,5.05,5.10,4.65,4.72,162600
23-Feb-06,5.00,5.10,4.90,4.95,207500
22-Feb-06,5.25,5.25,4.91,4.94,121400
21-Feb-06,5.26,5.26,4.95,5.10,142500
17-Feb-06,4.75,4.96,4.75,4.94,136200
16-Feb-06,4.41,4.71,4.40,4.71,355200
15-Feb-06,4.15,4.50,4.11,4.38,196500
14-Feb-06,5.02,5.10,4.15,4.15,590300
13-Feb-06,5.43,5.45,5.15,5.18,148000
10-Feb-06,5.47,5.50,5.30,5.40,74800
9-Feb-06,5.17,5.45,5.17,5.41,149800
8-Feb-06,5.53,5.55,5.03,5.18,144400
7-Feb-06,5.65,5.66,5.45,5.52,95300
6-Feb-06,5.60,5.71,5.60,5.65,119700
3-Feb-06,5.75,5.78,5.50,5.60,89800
2-Feb-06,5.55,5.80,5.55,5.78,164800
1-Feb-06,5.50,5.59,5.31,5.55,127900
31-Jan-06,6.00,6.00,5.41,5.56,675100
30-Jan-06,5.25,5.88,5.25,5.88,607100
27-Jan-06,5.10,5.15,4.92,5.14,419300
26-Jan-06,4.97,5.30,4.96,5.03,588400
25-Jan-06,5.49,5.52,4.90,5.00,623100
24-Jan-06,6.03,6.04,4.45,5.36,1173500
23-Jan-06,5.79,6.06,5.77,5.95,1685300
20-Jan-06,5.05,5.40,5.00,5.40,878800
19-Jan-06,4.68,4.95,4.66,4.95,373000
18-Jan-06,5.03,5.10,4.35,4.63,546800
17-Jan-06,4.68,5.00,4.68,4.93,631500
13-Jan-06,4.24,4.37,4.21,4.35,623300
12-Jan-06,4.22,4.25,4.13,4.20,317400
11-Jan-06,3.85,4.26,3.84,4.13,693400
10-Jan-06,3.87,3.87,3.80,3.82,278800
9-Jan-06,3.56,3.87,3.56,3.82,583400
6-Jan-06,3.59,3.60,3.40,3.52,202300
5-Jan-06,3.35,3.63,3.26,3.46,511400
4-Jan-06,3.14,3.20,3.09,3.20,424900
3-Jan-06,2.95,3.10,2.94,3.02,753800
30-Dec-05,2.75,2.77,2.75,2.76,34900
29-Dec-05,2.77,2.77,2.67,2.72,149000
28-Dec-05,2.70,2.77,2.60,2.77,226000
27-Dec-05,2.69,2.71,2.68,2.70,334800
23-Dec-05,2.70,2.71,2.68,2.70,16300
22-Dec-05,2.70,2.73,2.70,2.70,30000
21-Dec-05,2.63,2.70,2.61,2.69,54100
20-Dec-05,2.71,2.72,2.56,2.62,60200
19-Dec-05,2.82,2.83,2.65,2.72,342700
16-Dec-05,2.75,2.80,2.70,2.80,489300
15-Dec-05,2.60,2.68,2.55,2.68,803000
14-Dec-05,2.55,2.58,2.50,2.50,41000
13-Dec-05,2.55,2.55,2.50,2.52,65800
12-Dec-05,2.53,2.55,2.45,2.55,94700
9-Dec-05,2.45,2.53,2.30,2.44,290500
8-Dec-05,2.38,2.39,2.00,2.35,45400
7-Dec-05,2.40,2.40,2.38,2.38,49300
6-Dec-05,2.38,2.40,2.38,2.38,21600
5-Dec-05,2.35,2.40,2.35,2.37,78200
2-Dec-05,2.35,2.35,2.35,2.35,91400
1-Dec-05,2.20,2.30,2.20,2.28,325700
30-Nov-05,2.15,2.20,2.15,2.20,56000
29-Nov-05,2.10,2.15,2.10,2.15,23500
28-Nov-05,2.05,2.10,2.05,2.10,28100
25-Nov-05,2.05,2.05,2.00,2.05,40600
23-Nov-05,1.90,2.05,1.90,2.05,155500
22-Nov-05,1.75,1.90,1.75,1.90,12400
21-Nov-05,1.70,1.77,1.70,1.75,41700
18-Nov-05,1.85,1.90,1.67,1.75,32500
17-Nov-05,1.75,1.85,1.75,1.80,16200
16-Nov-05,1.75,1.75,1.75,1.75,13600
15-Nov-05,1.55,1.69,1.55,1.65,91800
14-Nov-05,1.05,1.75,1.01,1.50,994900
